Round,Number 1,Number 2,Number 3,Number 4,Number 5,Number 6,Bonus Number,Number of 1st Prize Winner,1st Prize Amount,Number of 2nd Prize Winner,2nd Prize Amount,Number of 3rd Prize Winner,3rd Prize Amount,Draw Date
1,10,23,29,33,37,40,16,0,0,1,143934100,28,5140500,20241207
2,9,13,21,25,32,42,2,1,2002006800,2,94866800,103,1842000,20241130
3,11,16,19,21,27,31,30,1,2000000000,0,0,139,1174100,20241123
4,14,27,30,31,40,42,2,0,0,1,211191200,29,7282400,20241116
5,16,24,29,40,41,42,3,0,0,0,0,42,6033800,20241109
6,14,15,26,27,40,42,34,1,6574451700,3,196297600,138,4267300,20241102
7,2,9,16,25,26,40,42,0,0,9,48165000,270,1605500,20241026
8,8,19,25,34,37,39,9,0,0,6,131555000,348,2268100,20241019
9,2,4,16,17,36,39,14,0,0,4,769456500,352,8743800,20241012
10,9,25,30,33,41,44,6,13,6430437900,236,40813400,11247,856400,20241005
11,1,7,36,37,41,42,14,5,4780152300,11,362132700,428,9307100,20240928
12,2,11,21,25,39,45,44,12,1348845700,27,99914400,1903,1417500,20240921
13,22,23,25,37,38,42,26,0,0,6,433309300,450,5777400,20240914
14,2,6,12,31,33,40,15,4,9375048300,28,130363400,1421,2568700,20240907
15,3,4,16,30,31,37,13,1,17014245000,16,177231700,509,5571100,20240831
16,6,7,24,37,38,40,33,4,4377146100,12,243174700,862,3385200,20240824
17,3,4,9,17,32,37,1,3,5349491200,9,297193900,1142,2342100,20240817
18,3,12,13,19,32,35,29,0,0,15,175017300,664,3953700,20240810
19,6,30,38,39,40,43,26,1,40722959400,14,297278500,697,5971100,20240803
20,10,14,18,20,23,30,41,1,19352212800,14,230383400,888,3632100,20240727
21,6,12,17,18,31,32,21,23,797475400,26,117576500,2008,1522400,20240720
22,4,5,6,8,17,39,25,4,4552194900,32,94837300,827,3669600,20240713
23,5,13,17,18,33,42,44,4,4317947700,23,125157900,1372,2098100,20240706
24,7,8,27,29,36,43,6,0,0,18,176023700,925,3425300,20240629
25,2,4,21,26,43,44,16,2,24227745300,28,175267400,1111,4417100,20240622
26,4,5,7,18,20,25,31,5,3495069900,39,74680900,1340,2173500,20240615
27,1,20,26,28,37,43,27,2,9543982500,16,198832900,579,5494500,20240608
28,9,18,23,25,35,37,1,10,1700361100,22,128815200,1164,2434600,20240601
29,1,5,13,34,39,40,11,5,3552594000,17,174146700,752,3936800,20240525
30,8,17,20,35,36,44,4,2,8728555500,22,132250800,872,3336600,20240518
31,7,9,18,23,28,35,32,2,8106672900,29,93180100,1130,2391300,20240511
32,6,14,19,25,34,44,11,10,1634528300,49,55596200,1203,2264500,20240504
33,4,7,32,33,40,41,9,1,14903517600,41,60583400,1063,2336700,20240427
34,9,26,35,37,40,42,2,5,3056918000,45,56609500,1264,2015300,20240420
35,2,3,11,26,37,43,39,3,5054598200,24,105304100,933,2708700,20240413
36,1,10,23,26,28,40,31,1,16014475800,19,140477800,768,3475300,20240406
37,7,27,30,33,35,37,42,3,4985999400,20,124649900,857,2908900,20240330
38,16,17,22,30,37,43,36,3,5374866400,18,149301800,679,3957900,20240323
39,6,7,13,15,21,43,8,6,2623748800,25,104949900,699,3753500,20240316
40,7,13,18,19,25,26,6,13,1147652400,44,56513100,1055,2356900,20240309
41,13,20,23,35,38,43,34,0,0,21,109404000,700,3282100,20240302
42,17,18,19,21,23,32,1,6,6899280100,35,131479800,1405,3275200,20240224
43,6,31,35,38,39,44,1,1,17749630800,21,140870000,926,3194600,20240217
44,3,11,21,30,38,45,39,5,3362155800,23,121817200,785,3569100,20240210
45,1,10,20,27,33,35,17,2,8356417800,27,103165600,890,3129700,20240203
46,8,13,15,23,31,38,39,3,5327758800,39,68304600,1043,2554000,20240127
47,14,17,26,31,36,45,27,5,3250042400,11,246215300,902,3002600,20240120
48,6,10,18,26,37,38,3,6,2415673600,25,96626900,1279,1888700,20240113
49,4,7,16,19,33,40,30,7,1967504600,49,46845300,1487,1543600,20240106
50,2,10,12,15,22,44,1,3,5227061400,14,186680700,826,3164000,20231230
51,2,3,11,16,26,44,35,6,2421117000,26,93119800,961,2519300,20231223
52,2,4,15,16,20,29,1,4,3900844900,13,200043300,669,3887200,20231216
53,7,8,14,32,33,39,42,3,5014371000,25,100287400,802,3126100,20231209
54,1,8,21,27,36,39,37,3,5148626600,15,171620800,719,3580400,20231202
55,17,21,31,37,40,44,7,2,7088799600,24,98455500,728,3245700,20231125
56,10,14,30,31,33,37,19,4,3777570900,29,86840700,1359,1853100,20231118
57,7,10,16,25,29,44,6,4,4114411900,25,109717600,960,2857200,20231111
58,10,24,25,33,40,44,1,4,3676429200,39,62844900,1318,1859600,20231104
59,6,29,36,39,41,45,13,4,4127587300,23,119640200,651,4226900,20231028
60,2,8,25,36,39,42,11,7,2172504600,27,93873600,1088,2329500,20231021
61,14,15,19,30,38,43,8,5,3541038800,11,268260500,789,3740000,20231014
62,3,8,15,27,29,35,21,1,15817286400,22,119827900,829,3179900,20231007
63,3,20,23,36,38,40,5,2,7922245500,26,101567200,824,3204700,20230930
64,14,15,18,21,26,36,39,4,3899818000,11,236352600,651,3993600,20230923
65,4,25,33,36,40,43,39,4,3727945800,27,92048000,1003,2477800,20230916
66,2,3,7,17,22,24,45,4,3685138200,19,129303000,786,3125600,20230909
67,3,7,10,15,36,38,33,7,2114436500,62,39787700,972,2537900,20230902
68,10,12,15,16,26,39,38,5,2945882100,20,122745000,754,3255800,20230826
69,5,8,14,15,19,39,35,3,4962712200,20,124067800,766,3239300,20230819
70,5,19,22,25,28,43,26,3,5031277800,14,179688400,717,3508500,20230812
71,5,9,12,16,29,41,21,0,0,28,88745200,782,3177500,20230805
72,2,4,11,17,26,27,1,13,3260524600,44,104081800,2510,1824500,20230729
73,3,12,18,32,40,43,38,6,2766662100,26,106410000,1363,2029800,20230722
74,6,15,17,18,35,40,23,3,5284949800,40,66061800,1021,2588100,20230715
75,2,5,24,32,34,44,28,4,3914616900,19,137354900,817,3194300,20230708
76,1,3,15,22,25,37,43,2,7451022600,17,146098400,840,2956700,20230701
77,2,18,29,32,43,44,37,3,5155758600,19,135677800,713,3615500,20230624
78,10,13,25,29,33,35,38,4,3519850000,22,106662100,910,2578600,20230617
79,3,12,24,27,30,32,14,4,3416443800,31,73471910,1196,1904373,20230610
80,17,18,24,25,26,30,1,1,13809540000,16,143849375,868,2651602,20230603
81,5,7,11,13,20,33,6,5,2714288880,20,113095370,1046,2162436,20230527
82,1,2,3,14,27,42,39,1,14562494400,20,121354120,637,3810177,20230520
83,6,10,15,17,19,34,14,2,7086948300,15,157487740,851,2775930,20230513
84,16,23,27,34,42,45,11,2,7669779000,17,150387824,635,4026131,20230506
85,6,8,13,23,31,36,21,4,3462109800,31,74453975,823,2804464,20230429
86,2,12,37,39,41,45,33,1,14252186400,16,148460275,611,3887667,20230422
87,4,12,16,23,34,43,26,11,1799358055,33,99964337,1250,2639059,20230415
88,1,17,20,24,30,41,27,4,3069709650,31,66015262,1183,1729902,20230408
89,4,26,28,29,33,40,37,3,4248321900,30,70805365,1340,1585195,20230401
90,17,20,29,35,38,44,10,4,3291435300,34,64537948,1297,1691820,20230325
91,1,21,24,26,29,42,27,4,3582902400,32,74643800,1205,1982242,20230318
92,3,14,24,33,35,36,17,11,1233270846,50,45219931,1623,1393098,20230311
93,6,22,24,36,38,44,19,6,2269178150,26,87276083,1462,1552106,20230304
94,5,32,34,40,41,45,6,6,2245339950,38,59087894,1353,1659527,20230225
95,8,17,27,31,34,43,14,8,1747741238,48,48548368,1728,1348566,20230218
96,1,3,8,21,22,31,20,7,1847133515,38,56710240,1197,1800326,20230211
97,6,7,14,15,20,36,3,9,1496214000,46,48789587,1543,1454518,20230204
98,6,9,16,23,24,32,43,4,3177972300,45,47081072,1880,1126941,20230128
99,1,3,10,27,29,37,11,6,2169219050,40,54230477,1581,1372056,20230121
100,1,7,11,23,37,42,6,4,3315315525,36,61394732,1544,1431484,20230114
101,1,3,17,32,35,45,8,5,2707297500,38,59370560,1405,1605752,20230107
102,17,22,24,26,35,40,42,9,1457153067,24,91072067,1352,1616664,20221231
103,5,14,15,27,30,45,10,8,1691589563,38,59354020,1583,1424797,20221224
104,17,32,33,34,42,44,35,2,6610743750,23,95807881,1293,1704240,20221217
105,8,10,20,34,41,45,28,4,3416781450,26,87609781,1331,1711386,20221210
106,4,10,12,22,24,33,29,16,810461157,40,54030744,2056,1051182,20221203
107,1,4,5,6,9,31,17,2,6679927800,35,63618360,2181,1020928,20221126
108,7,18,22,23,29,44,12,7,1998900772,41,56879291,1462,1595111,20221119
109,1,5,34,36,42,44,33,12,1246838200,31,80441175,1493,1670246,20221112
110,7,20,22,23,29,43,1,3,4566262000,38,60082395,1392,1640181,20221105
111,7,18,31,33,36,40,27,6,2199047450,51,43118578,1734,1268194,20221029
112,26,29,30,33,41,42,43,9,1567271167,32,73465836,1370,1715991,20221022
113,4,9,28,33,36,45,26,9,1561528934,43,54471940,1479,1583701,20221015
114,11,14,19,26,28,41,2,6,2362345050,41,57618172,1491,1584404,20221008
115,1,2,6,9,25,28,31,9,1488589567,34,65673070,1990,1122053,20221001
116,2,4,25,31,34,37,17,7,1997747315,56,41619736,1735,1343346,20220924
117,5,10,22,34,36,44,35,9,1558378334,50,46751350,1642,1423610,20220917
118,3,4,10,17,19,22,38,10,1297989720,41,52763810,1671,1294624,20220910
119,3,11,13,14,17,21,38,9,1474899400,49,45149982,1936,1142743,20220903
120,4,6,10,11,32,37,30,3,4364530300,31,70395650,1605,1359667,20220827
121,12,28,30,34,38,43,9,2,6839648100,31,73544604,1342,1698870,20220820
122,1,11,16,17,36,40,8,9,1450073800,38,57239756,1403,1550329,20220813
123,7,17,18,28,30,45,27,5,2532982680,38,55547866,1477,1429126,20220806
124,4,16,23,25,29,42,1,9,1395936267,37,56592011,1540,1359679,20220730
125,2,8,32,33,35,36,18,7,1754870786,36,56870813,1444,1417832,20220723
126,7,20,22,27,40,43,1,9,1369301500,35,58684350,1439,1427347,20220716
127,3,5,10,29,32,43,35,6,1965939150,43,45719516,1279,1537091,20220709
128,12,30,34,36,37,45,39,6,2064043100,23,89741005,1192,1731580,20220702
129,19,23,25,28,38,42,17,11,1093629655,50,40099754,1473,1361160,20220625
130,7,19,24,27,42,45,31,4,3036496650,30,67477704,1273,1590206,20220618
131,8,10,11,14,15,21,37,8,1451214488,33,58634929,1645,1176264,20220611
132,3,17,23,34,41,45,43,4,2920473525,34,57264187,1382,1408816,20220604
133,4,7,15,18,23,26,13,8,1450242600,51,37914840,1466,1319002,20220528
134,3,12,20,23,31,35,43,5,2349155100,50,39152585,1433,1366106,20220521
135,6,14,22,28,35,39,16,7,1717293515,28,71553897,1424,1406959,20220514
136,2,16,30,36,41,42,11,6,1997694150,26,76834391,1279,1561919,20220507
137,7,9,20,25,36,39,15,9,1270403467,40,47640130,1578,1207608,20220430
138,10,11,27,28,37,39,19,5,2227152000,32,57998750,1251,1483582,20220423
139,9,11,15,20,28,43,13,7,1650210215,28,68758759,1128,1706778,20220416
140,3,13,17,18,19,28,8,5,2109462840,34,51702521,1310,1341898,20220409
141,8,12,29,31,42,43,2,6,1900552400,29,65536290,1144,1661323,20220402
142,12,16,30,34,40,44,19,11,1018265564,28,66672150,1326,1407859,20220326
143,26,27,28,42,43,45,8,3,3954584700,35,56494068,1182,1672837,20220319
144,4,15,17,26,36,37,43,8,1402440413,38,49208436,1498,1248279,20220312
145,2,3,13,20,27,44,9,3,3797838200,38,49971556,1217,1560328,20220305
146,2,19,27,35,41,42,25,2,6043415250,34,59249170,1383,1456596,20220226
147,4,6,13,21,40,42,36,7,1700040215,35,56668008,1215,1632412,20220219
148,21,25,33,34,35,36,17,5,2323596420,35,55323725,1185,1634035,20220212
149,2,11,21,34,41,42,27,7,1639052143,43,44470407,1171,1632987,20220205
150,2,18,25,28,37,39,16,4,2831645850,46,41038346,1279,1475969,20220129
151,1,2,10,13,18,19,15,4,2716634025,45,40246430,1491,1214681,20220122
152,1,5,13,26,29,34,43,5,2278131840,30,63281440,1184,1603415,20220115
153,3,8,11,12,13,36,33,4,2730526125,52,35006746,1446,1258888,20220108
154,6,19,21,35,40,45,20,4,2836628700,32,59096432,1189,1590485,20220101
155,16,19,20,32,33,41,4,9,1193005734,37,48365098,1287,1390450,20211225
156,5,18,28,30,42,45,2,8,1401099900,30,62271107,1230,1518808,20211218
157,19,26,30,33,35,39,37,2,5484903750,28,65296474,1155,1582945,20211211
158,4,9,13,18,21,34,7,10,1069544340,45,39612754,1516,1175841,20211204
159,1,18,30,41,42,43,32,6,1755407300,24,73141971,1071,1639036,20211127
160,3,7,8,34,39,41,1,2,5490805350,32,57195890,1079,1696264,20211120
161,22,34,36,40,42,45,44,7,1996876272,63,33275487,1381,1517999,20211113
162,1,5,21,25,38,41,24,5,2308265760,33,58289540,1172,1641259,20211106
163,7,11,26,28,29,44,16,7,1629726515,47,40454205,1390,1367876,20211030
164,6,9,10,11,39,41,27,3,4054937900,39,51986384,1626,1246906,20211023
165,5,13,18,19,22,42,31,2,6767426700,40,56395223,1535,1469583,20211016
166,9,12,27,36,39,45,14,11,1111299982,28,72763690,1507,1351947,20211009
167,24,27,28,30,36,39,4,5,2491222920,36,57667198,1313,1581127,20211002
168,3,10,31,40,42,43,30,5,2349946920,54,36264613,1544,1268322,20210925
169,16,27,35,37,43,45,19,5,2482888380,31,66744312,1171,1766929,20210918
170,2,11,13,15,31,42,10,6,1923108250,27,71226232,1309,1469144,20210911
171,4,16,25,29,34,35,1,6,1961339700,19,103228406,1381,1420232,20210904
172,4,19,21,24,26,41,35,11,1081154073,19,104321885,1276,1553383,20210828
173,3,9,24,30,33,34,18,8,1487736788,63,31486493,1448,1369924,20210821
174,13,14,18,22,35,39,16,7,1771103058,26,79472574,1325,1559462,20210814
175,19,26,28,31,33,36,17,5,2371132620,48,41165497,1347,1466922,20210807
176,4,17,30,32,33,34,15,5,2314663080,40,48222148,1535,1256604,20210731
177,1,10,13,16,37,43,6,7,1693285500,30,65849992,1260,1567857,20210724
178,1,5,11,12,18,23,9,5,2254621080,44,42701157,1566,1199778,20210717
179,5,9,17,25,39,43,32,10,1081093920,53,33996665,1540,1170016,20210710
180,2,15,20,21,29,34,22,2,5763371550,35,54889253,1284,1496203,20210703
181,14,21,23,32,40,45,44,6,1941763300,24,80906805,1233,1574829,20210626
182,13,15,27,29,34,40,35,3,3721439400,44,42289085,1228,1515245,20210619
183,2,18,24,34,40,42,5,6,1777221500,25,71088860,1294,1373433,20210612
184,1,2,6,16,20,33,41,6,1747753050,31,56379131,1331,1313113,20210605
185,1,2,4,8,19,38,14,3,3522485800,34,51801262,1228,1434237,20210529
186,4,10,14,19,21,45,9,9,1187882600,46,38735303,1169,1524230,20210522
187,1,2,8,18,29,38,42,7,1544733900,19,94852082,1253,1438300,20210515
188,19,24,27,30,31,34,36,3,3501405200,33,53051594,1320,1326290,20210508
189,8,14,32,35,37,45,28,3,3461775100,33,52451138,1085,1595289,20210501
190,8,14,18,30,31,44,15,6,1784159450,33,54065438,1016,1756063,20210424
191,5,6,24,25,32,37,8,4,2577114675,23,74698977,1145,1500504,20210417
192,4,8,11,18,37,45,33,4,2445348375,38,42900849,1098,1484729,20210410
193,6,14,18,26,36,39,13,3,3404449700,20,85111243,1135,1499758,20210403
194,15,20,23,26,39,44,28,4,2650567875,21,84145012,1072,1648364,20210327
195,7,10,19,22,35,40,31,11,918992591,66,25527572,1691,996346,20210320
196,35,36,37,41,44,45,30,15,727876520,27,67395975,1518,1198743,20210313
197,7,12,16,34,42,45,4,6,1803018300,42,42929008,1229,1467062,20210306
198,12,19,20,25,41,45,2,6,1797855050,25,71914202,1050,1712243,20210227
199,14,21,22,25,30,36,43,2,5344252200,23,77452931,1049,1698206,20210220
200,5,6,13,14,17,20,7,8,1344616613,58,30910727,1387,1292590,20210213
201,3,11,24,38,39,44,26,1,9719465400,37,43781376,1347,1202607,20210206
202,12,14,27,33,39,44,17,6,1893391700,40,47334793,1232,1536844,20210130
203,1,3,11,24,30,32,7,5,2164564740,43,41948930,1328,1358287,20210123
204,3,12,14,35,40,45,5,8,1358347125,23,78744761,1180,1534856,20210116
205,1,3,21,29,35,37,30,6,1835221800,21,87391515,1098,1671423,20210109
206,1,2,3,15,20,25,43,5,2032859340,36,47056930,1549,1093641,20210102
207,3,11,14,31,32,37,38,5,2104673760,37,47402563,1203,1457935,20201226
208,14,25,31,34,40,44,24,6,1760767400,34,51787277,1224,1438536,20201219
209,2,7,18,20,24,33,37,6,1660896350,34,48849893,1358,1223046,20201212
210,10,19,22,23,25,37,39,2,5139085950,46,37239754,1298,1319745,20201205
211,12,13,17,20,33,41,8,10,1035800250,29,59528750,1308,1319828,20201128
212,11,12,18,21,31,38,8,4,2660747250,36,49273098,1228,1444489,20201121
213,2,3,4,5,20,24,42,8,1376678025,33,55623355,1977,928463,20201114
214,5,7,20,25,28,37,32,8,1406980875,36,52110403,1433,1309124,20201107
215,2,3,7,15,43,44,4,7,1587689615,32,57884518,1248,1484219,20201031
216,7,16,17,33,36,40,1,13,848506108,63,29181427,2612,703840,20201024
217,16,20,27,33,35,39,38,7,1611246172,29,64820249,1206,1558696,20201017
218,1,8,14,18,29,44,20,4,2779075800,26,71258354,1203,1540081,20201010
219,4,11,20,26,35,37,16,9,1208409167,41,44210092,1292,1402952,20201003
220,5,11,19,21,34,43,31,6,1958094950,28,69931963,1317,1486785,20200926
221,2,20,33,35,37,40,10,6,1800104250,44,40911461,1608,1119468,20200919
222,5,7,28,29,39,43,44,5,2275193820,33,57454390,1105,1715833,20200912
223,1,3,18,20,26,27,38,7,1498170600,39,44817070,1416,1234369,20200905
224,4,19,26,27,30,42,7,6,1808969950,26,69575768,1158,1562151,20200829
225,5,11,13,19,31,36,7,6,1777201800,41,43346386,1287,1380888,20200822
226,2,6,8,14,21,22,34,6,1744100150,38,45897373,1305,1336476,20200815
227,4,5,15,16,22,42,2,2,5253542400,24,72965867,1103,1587653,20200808
228,17,25,35,36,39,44,23,9,1146700334,39,44103859,1338,1285539,20200801
229,4,5,9,11,23,38,35,7,1451441100,27,62716591,1312,1290662,20200725
230,5,11,14,29,32,33,12,8,1292929163,25,68956222,1037,1662397,20200718
231,5,10,19,31,44,45,27,9,1088365900,19,85923624,1267,1288516,20200711
232,8,9,10,12,24,44,35,9,1110918400,18,92576534,1268,1314178,20200704
233,4,6,13,17,28,40,39,10,999153750,26,64048318,1274,1307109,20200627
234,13,21,22,24,26,37,4,4,2519743875,23,73036055,1049,1601363,20200620
235,21,22,26,27,31,37,8,3,3433330100,29,59195347,1178,1457271,20200613
236,1,4,8,13,37,39,7,2,5030040150,41,40894636,1046,1602945,20200606
237,1,11,17,21,24,44,33,7,1440630729,39,43095792,1098,1530725,20200530
238,2,4,15,28,31,34,35,9,1121660567,29,58016926,1066,1578322,20200523
239,11,15,24,39,41,44,7,9,1134140167,29,58662423,1083,1570832,20200516
240,6,10,16,40,41,43,21,2,5098251450,28,60693470,1084,1567728,20200509
241,2,16,24,27,28,35,21,4,2552016300,34,50039536,967,1759405,20200502
242,4,19,20,21,32,34,43,8,1234542375,36,45723792,1245,1322134,20200425
243,2,12,17,19,28,42,34,4,2408850000,29,55375863,1089,1474656,20200418
244,13,16,25,36,37,38,19,1,9121583100,25,60810554,1096,1387103,20200411
245,9,11,27,31,32,38,22,7,1382583129,35,46086105,1092,1477119,20200404
246,13,18,21,23,26,39,15,5,1911774240,26,61274816,1294,1231179,20200328
247,12,15,28,36,39,40,13,6,1669313900,29,57562549,1019,1638189,20200321
248,3,8,17,23,38,45,13,8,1227479363,23,71158224,1155,1417004,20200314
249,3,8,27,31,41,44,11,6,1663568700,29,57364438,1169,1423070,20200307
250,19,23,30,37,43,45,38,5,1994726280,17,97780700,1051,1581610,20200229
251,6,7,19,25,28,38,45,8,1282616400,40,42753880,1242,1376937,20200222
252,14,23,26,31,39,45,28,7,1391089715,24,67622417,1087,1493044,20200215
253,8,19,25,31,34,36,33,4,2466189525,20,82206318,1169,1406439,20200208
254,1,5,19,20,24,30,27,1,9741015900,33,49197050,1225,1325309,20200201
255,1,5,6,24,27,42,32,6,1598618550,13,122970658,1054,1516716,20200125
256,4,11,14,21,23,43,32,2,4891017000,34,47951148,1192,1367735,20200118
257,6,13,27,31,32,37,4,4,2391377025,18,88569520,1233,1292986,20200111
258,14,27,30,31,38,40,17,4,2426434350,28,57772247,1724,938297,20200104
259,4,5,14,35,42,45,34,2,4838533500,25,64513780,1030,1565869,20191228
260,7,12,15,24,37,40,43,4,2310085575,26,59232964,1284,1199422,20191221
261,6,11,16,18,31,43,2,3,3192299100,32,49879674,1104,1445788,20191214
262,9,12,24,25,29,31,36,2,4518741600,21,71726058,1106,1361888,20191207
263,1,27,28,32,37,40,18,6,1551704900,27,57470552,937,1656036,20191130
264,9,16,27,36,41,44,5,7,1344889200,27,58112497,1047,1498604,20191123
265,5,9,34,37,38,39,12,8,1200838575,19,84269374,1010,1585266,20191116
266,3,4,9,11,22,42,37,3,3207211700,36,44544607,1194,1343054,20191109
267,7,8,24,34,36,41,1,3,3257663300,28,58172559,1141,1427548,20191102
268,3,10,19,24,32,45,12,7,1350954515,35,45031818,1362,1157206,20191026
269,5,18,20,36,42,43,32,5,1961399940,22,74295453,1014,1611933,20191019
270,5,9,12,20,21,26,27,5,1927830060,32,50203908,1242,1293499,20191012
271,3,8,9,27,29,40,36,6,1565918150,28,55925649,1256,1246751,20191005
272,7,9,12,27,39,43,28,9,1104622800,39,42485493,1370,1209442,20190928
273,1,8,24,31,34,44,6,3,3339543100,21,79512931,1096,1523515,20190921
274,13,14,15,26,35,39,25,4,2505085575,37,45136678,1254,1331784,20190914
275,14,19,20,35,38,40,26,1,10044066900,19,88105850,991,1689215,20190907
276,4,15,21,33,39,41,25,3,3312569000,31,53428533,1161,1426602,20190831
277,10,12,13,15,25,29,20,3,3272627800,31,52784320,1104,1482169,20190824
278,3,11,37,39,41,43,13,3,3186530000,27,59009815,1089,1463054,20190817
279,7,16,31,36,37,38,11,5,1914205320,27,59080412,1088,1466150,20190810
280,10,11,23,24,36,37,35,7,1355258529,27,58560554,1145,1380904,20190803
281,1,3,4,6,14,41,12,6,1554683200,37,42018465,1491,1042712,20190727
282,2,5,10,18,31,32,30,7,1322052643,32,48199836,1523,1012735,20190720
283,6,8,18,31,38,45,42,3,3137224600,24,65358846,1061,1478429,20190713
284,2,7,15,24,30,45,28,3,3117640300,14,111344297,955,1632273,20190706
285,13,33,37,40,41,45,2,3,3164370100,26,60853272,1017,1555738,20190629
286,1,15,19,40,42,44,17,3,3236566300,27,59936413,1033,1566586,20190622
287,6,12,24,27,35,37,41,7,1328657100,37,41894594,1330,1165489,20190615
288,1,12,17,28,35,41,10,4,2357261550,24,65479488,1056,1488171,20190608
289,3,14,33,37,38,42,10,0,0,24,63761694,1019,1501748,20190601
290,8,13,18,32,39,45,7,13,2149214424,61,51251650,2297,1361059,20190525
291,3,7,8,18,20,42,45,7,1450585200,39,43393575,1227,1379258,20190518
292,17,18,31,32,33,34,10,14,720373950,37,45428988,1688,995778,20190511
293,1,9,17,21,29,33,24,6,1656764400,21,78893543,1154,1435672,20190504
294,6,10,17,30,37,38,40,4,2406504975,26,61705256,1137,1411027,20190427
295,1,4,12,16,18,38,8,0,0,26,62969875,1013,1616207,20190420
296,3,8,15,27,30,45,44,8,3066088275,53,46243415,2066,1186303,20190413
297,6,11,19,20,28,32,34,2,5056668750,28,60198438,1275,1322005,20190406
298,5,9,27,29,37,40,19,1,9909778500,40,41290744,1353,1220717,20190330
299,1,3,20,25,36,45,24,7,1483772529,29,59691999,1118,1548362,20190323
300,7,9,10,12,26,38,39,12,836092425,34,49181908,1416,1180922,20190316
301,7,11,13,33,37,43,26,7,1447385015,47,35927997,1271,1328573,20190309
302,13,19,20,32,38,42,4,2,5472167250,44,41455813,1134,1608515,20190302
303,2,14,17,30,38,45,43,6,1672749000,29,57681000,1158,1444516,20190223
304,4,10,16,26,33,41,38,6,1661646150,37,44909356,1426,1165250,20190216
305,7,8,18,21,23,39,9,5,2008210140,34,49220837,1377,1215330,20190209
306,4,18,23,30,34,41,19,5,2102669520,23,76183679,1219,1437428,20190202
307,5,15,21,23,25,45,12,4,2587643250,28,61610554,1177,1465672,20190126
308,14,15,17,19,37,45,40,1,10232872800,27,63165882,978,1743844,20190119
309,1,2,5,11,18,36,22,11,901622946,25,66119016,1390,1189191,20190112
310,1,5,19,28,34,41,16,8,1296713325,29,59619004,1086,1592036,20190105
311,4,12,24,27,28,32,10,8,1237691063,43,38378018,1363,1210752,20181229
312,2,3,5,6,12,20,25,15,629017820,58,27112838,2064,761892,20181222
313,9,17,34,35,43,45,2,6,1715422800,26,65977800,1120,1531628,20181215
314,15,17,19,34,38,41,2,6,1660512200,24,69188009,1067,1556244,20181208
315,1,13,33,35,43,45,23,8,1308728625,32,54530360,1063,1641554,20181201
316,10,11,21,27,31,39,43,6,1673586400,29,57709876,1398,1197130,20181124
317,3,10,11,22,36,39,8,4,2576258550,25,68700228,1132,1517232,20181117
318,2,17,19,20,34,45,21,9,1207436600,28,64684104,1381,1311481,20181110
319,5,8,22,28,33,42,37,5,2135659380,26,68450622,1151,1546235,20181103
320,16,19,23,25,41,45,3,2,5513067900,25,73507572,1081,1699991,20181027
321,12,18,20,21,25,34,42,6,1959136100,35,55975318,1276,1535374,20181020
322,9,18,29,32,38,43,20,6,1904544700,29,65673956,1465,1300031,20181013
323,10,14,15,32,36,42,3,8,1461025388,27,72149402,1175,1657902,20181006
324,2,4,21,25,33,36,17,6,1865130350,40,46628259,1228,1518836,20180929
325,7,17,20,32,44,45,33,6,1806122450,33,54730984,1258,1435710,20180922
326,16,23,25,33,36,39,40,6,1832134550,31,59101115,1335,1372386,20180915
327,6,12,13,17,32,44,24,12,882674750,39,45265372,1242,1421377,20180908
328,1,6,9,16,17,28,24,6,1819795900,30,60659864,1380,1318693,20180901
329,9,17,19,30,35,42,4,6,1830391200,33,55466400,1215,1506495,20180825
330,3,4,16,17,19,20,23,9,1162280200,32,54481885,1431,1218324,20180818
331,4,9,14,26,31,44,39,5,2165902620,45,40109308,1365,1322285,20180811
332,16,17,34,36,42,45,3,8,1359448388,37,48989132,1098,1650818,20180804
333,5,14,27,30,39,43,35,7,1550987143,36,50263473,1365,1325631,20180728
334,13,15,21,29,39,43,33,7,1523002972,31,57317317,1055,1684206,20180721
335,5,9,16,23,26,45,21,5,2037492480,28,60639658,1222,1389453,20180714
336,3,5,20,34,35,44,16,6,1685632650,30,56187755,989,1704381,20180707
337,1,5,14,18,32,37,4,8,1257500513,33,50808102,1194,1404245,20180630
338,2,13,34,38,42,45,16,3,3383431000,39,43377321,1123,1506426,20180623
339,6,8,14,21,30,37,45,9,1096778334,32,51411485,1107,1486150,20180616
340,18,24,26,29,34,38,32,7,1439393186,35,47979773,1125,1492705,20180609
341,1,8,19,34,39,43,41,7,1497207772,33,52931588,1235,1414367,20180602
342,1,13,14,33,34,43,25,3,3454095800,29,59553376,1177,1467331,20180526
343,1,10,17,29,31,43,15,6,1717153000,29,59212173,1096,1566746,20180519
344,1,2,15,28,34,45,38,7,1467106543,23,74418448,1106,1547581,20180512
345,15,20,23,29,39,42,2,2,5203577550,38,45645418,1028,1687282,20180505
346,5,13,14,22,44,45,33,5,2017727340,26,64670749,1146,1467225,20180428
347,3,8,13,27,32,42,10,7,1456624286,38,44720922,1399,1214722,20180421
348,3,14,17,20,24,31,34,3,3299994000,37,44594514,1222,1350244,20180414
349,5,13,14,20,24,25,36,3,3353209000,37,45313636,1168,1435450,20180407
350,1,8,18,24,29,33,35,9,1101052467,23,71807770,1197,1379765,20180331
351,5,25,27,29,34,36,33,4,2583357150,29,59387521,1137,1514722,20180324
352,5,16,17,20,26,41,24,6,1732858250,29,59753733,1166,1486157,20180317
353,11,16,19,22,29,36,26,2,5290838250,29,60814233,1042,1692527,20180310
354,14,19,36,43,44,45,1,5,2124464340,34,52070205,1014,1745944,20180303
355,5,8,29,30,35,44,38,5,2145424800,24,74493917,1094,1634236,20180224
356,2,8,14,25,29,45,24,9,1157185267,37,46912917,1263,1374330,20180217
357,10,14,18,21,36,37,5,2,5313394350,27,65597462,1116,1587036,20180210
358,1,9,10,12,21,40,37,3,3472654900,44,39461988,1382,1256388,20180203
359,1,10,19,20,24,40,23,8,1286712600,37,46368022,1656,1036001,20180127
360,4,16,23,25,35,40,27,3,3566716200,33,54041155,1208,1476290,20180120
361,5,10,16,24,27,35,33,7,1473115115,34,50548068,1463,1174733,20180113
362,2,3,22,27,30,40,29,6,1729424650,26,66516333,1173,1474361,20180106
363,11,12,14,21,32,38,6,4,2615910600,33,52846679,1216,1434162,20171230
364,2,5,7,14,16,40,4,4,2531914800,37,45620087,1259,1340702,20171223
365,5,15,21,25,26,30,31,1,10697716800,35,50941509,1181,1509698,20171216
366,5,12,19,26,27,44,38,2,5351553900,39,45739777,1617,1103186,20171209
367,3,22,25,29,32,44,19,7,1581736586,37,49874578,1049,1759161,20171202
368,11,21,24,30,39,45,26,7,1465825115,38,45003403,1195,1431071,20171125
369,17,20,35,36,41,43,21,6,1842177750,31,59425089,1157,1592203,20171118
370,16,18,24,42,44,45,17,7,1678941943,32,61211425,1168,1677026,20171111
371,7,9,15,26,27,42,18,7,1524130543,29,61315597,1201,1480560,20171104
372,8,11,14,16,18,21,13,9,1192593200,37,48348373,1368,1307668,20171028
373,15,26,37,42,43,45,9,4,2791801125,29,64179337,1117,1666250,20171021
374,11,13,15,17,25,34,26,2,5528717850,27,68255776,1398,1318245,20171014
375,4,8,19,25,27,45,7,7,1581284058,42,43924558,1279,1442402,20171007
376,1,11,13,24,28,40,7,6,1956915800,51,38370899,1411,1386900,20170930
377,6,22,29,37,43,45,23,3,3912085400,22,88911032,1198,1632757,20170923
378,5,22,29,31,34,39,43,5,2317698240,30,64380507,1124,1718341,20170916
379,6,10,22,31,35,40,19,7,1598999786,71,26274645,1342,1390090,20170909
380,1,2,8,17,26,37,27,4,2684274825,42,42607537,1464,1222348,20170902
381,1,5,10,12,16,20,11,19,565738895,62,28895267,1981,904345,20170826
382,10,15,22,24,27,42,19,6,1846674900,32,57708591,1212,1523660,20170819
383,4,15,28,33,37,40,25,3,3596522100,28,64223609,1251,1437459,20170812
384,11,22,24,32,36,38,7,3,3658734200,41,44618710,1215,1505652,20170805
385,7,12,19,21,29,32,9,7,1542032700,36,49973282,1235,1456712,20170729
386,4,7,10,19,31,40,26,10,1042953330,59,29461959,1683,1032832,20170722
387,1,26,31,34,40,43,20,4,2675533500,26,68603424,1177,1515454,20170715
388,1,8,9,17,29,32,45,4,2545543875,30,56567642,1269,1337297,20170708
389,7,16,18,20,23,26,3,5,2119027020,36,49051552,1253,1409303,20170701
390,16,17,28,37,39,40,15,1,10373997900,37,46729721,1087,1590617,20170624
391,10,11,18,22,28,39,30,1,10508749800,32,54733072,1337,1309992,20170617
392,1,3,7,8,24,42,43,6,1713528700,30,57117624,1504,1139315,20170610
393,9,16,28,40,41,43,21,8,1362003975,35,51885866,1072,1694035,20170603
394,1,13,20,22,25,28,15,1,10654349100,33,53809844,1204,1474855,20170527
395,11,15,20,26,31,35,7,7,1534635000,42,42628750,1420,1260851,20170520
396,18,20,31,34,40,45,30,2,5296622400,34,51927671,1202,1468836,20170513
397,12,13,17,22,25,33,8,3,3499519700,31,56443867,1366,1280937,20170506
398,10,15,20,23,42,44,7,4,2680625550,31,57647862,1112,1607090,20170429
399,1,2,9,17,19,42,20,8,1276854975,40,42561833,1462,1164483,20170422
400,9,21,27,34,41,43,2,4,2669834325,30,59329652,1254,1419370,20170415
401,6,12,18,31,38,43,9,9,1168214792,29,60424904,1355,1293227,20170408
402,5,9,15,19,22,36,32,4,2662206188,41,43287906,1271,1396385,20170401
403,10,14,22,24,28,37,26,5,2122396875,43,41131723,1321,1338883,20170325
404,5,20,21,24,33,40,36,3,3566659375,26,68589604,1273,1400888,20170318
405,1,2,10,25,26,44,4,3,3543878000,35,50626829,1283,1381091,20170311
406,7,12,21,24,27,36,45,5,2156142450,33,54448042,1442,1246038,20170304
407,6,7,13,16,24,25,1,7,1649707286,27,71283649,1268,1517870,20170225
408,9,20,21,22,30,37,16,5,2235375825,33,56448885,1244,1497439,20170218
409,6,9,21,31,32,40,38,4,2896989750,36,53647959,1320,1463127,20170211
410,1,3,18,32,40,41,16,9,1249335709,37,50648745,1303,1438223,20170204
411,11,14,22,35,37,39,5,12,953227563,36,52957087,1318,1446476,20170128
412,4,7,39,41,42,45,40,7,1656199822,34,56830387,1223,1579913,20170121
413,2,9,15,23,34,40,3,4,2814673500,36,52123584,1256,1493989,20170114
414,2,14,15,22,23,44,43,1,11703832500,35,55732536,1220,1598885,20170107
415,7,17,20,26,30,40,24,8,1334182407,35,50825997,1587,1120927,20161231
416,5,6,8,11,22,26,44,10,1072037100,32,55835266,1501,1190359,20161224
417,4,5,14,20,22,43,44,4,2818329938,34,55261372,1181,1590929,20161217
418,11,13,15,26,28,34,31,8,1435649766,46,41613037,1316,1454560,20161210
419,2,11,13,14,28,30,7,3,3796490750,33,57522588,1194,1589821,20161203
420,4,9,10,29,31,34,27,8,1424856375,35,54280243,1187,1600513,20161126
421,6,11,26,27,28,44,30,5,2321144325,36,53730193,1203,1607887,20161119
422,8,15,19,21,34,44,12,6,2205251375,21,105011971,1293,1705531,20161112
423,1,17,27,28,29,40,5,3,3896153875,47,41448446,1432,1360389,20161105
424,10,11,26,31,34,44,30,10,1109480813,51,36257543,1686,1096759,20161029
425,8,10,14,27,33,38,3,8,1534833000,41,49913269,1297,1577829,20161022
426,4,17,18,27,39,43,19,4,3057233625,63,32351679,1463,1393135,20161015
427,6,7,15,24,28,30,21,1,12571445625,33,63492150,1415,1480736,20161008
428,12,16,19,22,37,40,8,9,1437683209,30,71884161,1568,1375335,20161001
429,3,23,28,34,39,42,16,9,1485904709,37,60239381,1389,1604649,20160924
430,1,3,16,18,30,34,44,8,1611763219,45,47755948,1449,1483104,20160917
431,18,22,25,31,38,45,6,10,1268434013,43,49164110,1337,1581195,20160910
432,2,3,5,11,27,39,33,5,2299427550,48,39920618,1747,1096846,20160903
433,19,23,29,33,35,43,27,11,1182294410,41,52866824,1278,1696041,20160827
434,3,13,20,24,33,37,35,8,1480060266,37,53335506,1867,1056998,20160820
435,8,16,26,30,38,45,42,10,1287550013,31,69223119,1426,1504851,20160813
436,9,14,20,22,33,34,28,8,1512266579,44,45826260,1425,1414987,20160806
437,11,16,29,38,41,44,21,6,2096245438,33,63522590,1286,1630051,20160730
438,6,12,20,26,29,38,45,9,1377142167,41,50383250,1303,1585352,20160723
439,17,20,30,31,37,40,25,6,1900077375,33,57578103,1437,1322253,20160716
440,10,22,28,34,36,44,2,6,1995873000,41,48679830,1495,1335033,20160709
441,1,23,28,30,34,35,9,4,3170417063,42,50324081,1127,1875432,20160702
442,25,27,29,36,38,40,41,9,1413413042,27,78522947,1271,1668073,20160625
443,4,6,10,19,20,44,14,9,1327597584,41,48570644,1668,1193883,20160618
444,11,13,23,35,43,45,17,3,4154188625,26,79888243,1270,1635508,20160611
445,13,20,21,30,39,45,32,7,1791683036,28,74653460,1183,1766946,20160604
446,1,11,12,14,26,35,6,3,4051247625,41,49405459,1375,1473181,20160528
447,2,7,8,9,17,33,34,4,2657941125,31,57160025,1721,1029612,20160521
448,3,7,13,27,40,41,36,3,4026212750,35,57517325,1422,1415687,20160514
449,3,10,20,26,35,43,36,3,4059715250,39,52047632,1295,1567458,20160507
450,6,14,19,21,23,31,13,6,1990391625,34,58540931,1349,1475458,20160430
451,12,15,20,24,30,38,29,13,882138952,31,61654873,1612,1185671,20160423
452,8,10,18,30,32,34,27,9,1276902000,48,39903188,1298,1475619,20160416
453,12,24,33,38,40,42,30,5,2262732375,36,52378065,1412,1335419,20160409
454,13,25,27,34,38,41,10,7,1609125590,43,43658447,1397,1343818,20160402
455,4,19,20,26,30,35,24,7,1635711483,32,59635315,1448,1317908,20160326
456,1,7,12,18,23,27,44,7,1598505054,39,47818528,1616,1154037,20160319
457,8,10,18,23,27,40,33,10,1159902825,47,41131306,1506,1283647,20160312
458,4,9,10,32,36,40,18,8,1608812625,52,41251606,1433,1496918,20160305
459,4,6,10,14,25,40,12,7,1655842233,46,41995999,1532,1260977,20160227
460,8,11,28,30,43,45,41,4,3180895782,30,70686573,1307,1622493,20160220
461,11,18,26,31,37,40,43,6,1948674875,32,60896090,1717,1134931,20160213
462,3,20,24,32,37,45,4,8,1483559297,39,50719976,1394,1418996,20160206
463,23,29,31,33,34,44,40,0,0,37,54687384,1254,1613584,20160130
464,6,12,15,34,42,44,4,13,3355721106,78,67273025,3145,1668457,20160123
465,1,8,11,13,22,38,31,7,1923662893,46,48788552,1733,1295023,20160116
466,4,10,13,23,32,44,20,9,1530313459,55,41735822,1746,1314703,20160109
467,2,12,14,17,24,40,39,9,1435441084,33,65247322,1811,1188936,20160102
468,8,13,15,28,37,43,17,9,1527197167,33,69418054,1457,1572269,20151226
469,4,21,22,34,37,38,33,4,3330131250,33,67275379,1277,1738519,20151219
470,10,16,20,39,41,42,27,3,4333330625,27,80246864,1390,1558753,20151212
471,6,13,29,37,39,41,43,7,1939332858,30,75418500,1219,1856075,20151205
472,16,25,26,31,36,43,44,7,1809656090,23,91794150,1352,1561587,20151128
473,8,13,20,22,23,36,34,4,3250418063,36,60192928,1313,1650378,20151121
474,4,13,18,31,33,45,43,15,936690800,48,48785980,1738,1347369,20151114
475,1,9,14,16,21,29,3,8,1693923047,33,68441336,1486,1519896,20151107
476,9,12,13,15,37,38,27,4,3439851469,34,67448069,1294,1772206,20151031
477,14,25,29,32,33,45,37,8,1919011829,33,77535832,1474,1735877,20151024
478,18,29,30,37,39,43,8,14,987224759,35,65814984,1285,1792627,20151017
479,8,23,25,27,35,44,24,6,2233046500,34,65677839,1389,1607665,20151010
480,3,5,10,17,30,31,16,4,2996742282,50,39956564,1983,1007478,20151003
481,3,4,23,29,40,41,20,3,4639355750,34,68225820,1294,1792642,20150926
482,1,10,16,24,25,35,43,7,1897921179,30,73808046,1639,1350971,20150919
483,12,15,19,22,28,34,5,5,2567196675,53,40364728,1886,1134322,20150912
484,1,3,27,28,32,45,11,6,2305303063,32,72040721,1343,1716533,20150905
485,17,22,26,27,36,39,20,9,1501474917,33,68248860,1406,1601859,20150829
486,1,2,23,25,38,40,43,13,1008634125,29,75357722,1501,1455946,20150822
487,4,8,25,27,37,41,21,8,1638830766,46,47502342,1587,1376880,20150815
488,2,8,17,30,31,38,25,10,1330393575,33,67191595,1345,1648567,20150808
489,2,4,8,15,20,27,11,6,2106360625,52,40506936,1538,1369546,20150801
490,2,7,26,29,40,43,42,7,1860234161,29,74837007,1357,1599318,20150725
491,8,17,35,36,39,42,4,4,3304634438,31,71067408,1360,1619919,20150718
492,22,27,31,35,37,40,42,5,2493013800,40,51937788,1434,1448753,20150711
493,20,22,26,33,36,37,25,9,1451120334,27,80617797,1342,1621968,20150704
494,5,7,8,15,30,43,22,12,1054588407,40,52729421,1539,1370486,20150627
495,4,13,22,27,34,44,6,6,2111645000,44,47991932,1568,1346713,20150620
496,4,13,20,29,36,41,39,4,3285932250,46,47622207,1389,1577122,20150613
497,19,20,23,24,43,44,13,6,2222817813,30,74093928,1148,1936253,20150606
498,13,14,24,32,39,41,3,4,3244503094,35,61800059,1334,1621441,20150530
499,5,20,23,27,35,40,43,3,4070480250,46,44244351,1514,1344281,20150523
500,3,4,12,20,24,34,41,9,1351072375,68,29803068,1831,1106832,20150516
501,1,4,10,17,31,42,2,4,3025200094,61,33062297,1639,1230507,20150509
502,6,22,28,32,34,40,26,6,2201458125,31,71014779,1482,1485465,20150502
503,1,5,27,30,34,36,40,7,1853634911,42,51489859,1292,1673819,20150425
504,6,14,22,26,43,44,31,9,1443236959,29,74650188,1294,1672995,20150418
505,7,20,22,25,38,40,44,6,1917955188,38,50472505,1440,1331914,20150411
506,6,9,11,22,24,30,31,3,4073333875,33,61717180,1588,1282536,20150404
507,12,13,32,33,40,41,4,9,1416438875,29,73264080,1473,1442403,20150328
508,5,27,31,34,35,43,37,8,1599557860,31,68798188,1596,1336306,20150321
509,12,25,29,35,42,43,24,5,2689076100,34,65908728,1228,1824835,20150314
510,12,29,32,33,39,40,42,5,2644158150,25,88138605,1319,1670558,20150307
511,3,7,14,23,26,42,24,6,2165579250,37,58529169,1524,1420984,20150228
512,4,5,9,13,26,27,1,13,940094452,52,39170603,1682,1210982,20150221
513,5,8,21,23,27,33,12,3,4589624750,54,42496526,1626,1411324,20150214
514,1,15,20,26,35,42,9,3,4451055500,36,61820216,1362,1634015,20150207
515,2,11,12,15,23,37,8,1,13200466875,35,62859367,1450,1517296,20150131
516,2,8,23,41,43,44,30,11,1294190182,32,74146313,1338,1773305,20150124
517,1,9,12,28,36,41,10,5,2659057725,40,55397036,1493,1484181,20150117
518,14,23,30,32,34,38,6,6,2263804125,34,66582475,1349,1678135,20150110
519,6,8,13,16,30,43,3,7,1950601393,32,71115676,1357,1677010,20150103
520,4,22,27,28,38,40,1,6,2167205438,37,58573120,1627,1332026,20141227
521,3,7,18,29,32,36,19,8,1693420922,53,42601785,1612,1400679,20141220
522,4,5,13,14,37,41,11,6,2281623000,39,58503154,1495,1526170,20141213
523,1,4,37,38,40,45,7,7,1780355840,43,48304229,1557,1334029,20141206
524,10,11,29,38,41,45,21,4,3491695594,36,64661030,1338,1739759,20141129
525,11,23,26,29,39,44,22,9,1501132375,41,54919478,1543,1459300,20141122
526,7,14,17,20,35,39,31,9,1491031959,49,45643836,1539,1453248,20141115
527,1,12,22,32,33,42,38,13,1032386366,29,77132315,1967,1137183,20141108
528,5,17,25,31,39,40,10,11,1197889125,86,25536397,1811,1212662,20141101
529,18,20,24,27,31,42,39,8,1749114797,33,70671305,1502,1552699,20141025
530,16,23,27,29,33,41,22,11,1231656239,40,56450911,1449,1558342,20141018
531,1,5,9,21,27,35,45,9,1521519750,42,54339992,1618,1410557,20141011
532,16,17,23,24,29,44,3,7,2216896286,26,99476116,1480,1747554,20141004
533,9,14,15,17,31,33,23,8,1785671579,44,54111260,1517,1569477,20140927
534,10,24,26,29,37,38,32,1,14215763250,55,43078071,1537,1541506,20140920
535,11,12,14,15,18,39,34,3,4935603000,31,79606500,1512,1632144,20140913
536,7,8,18,32,37,43,12,11,1308523603,40,59973999,1676,1431361,20140906
537,12,23,26,30,36,43,11,7,2104038911,35,70134631,1444,1699940,20140830
538,6,10,18,31,32,34,11,3,4688021625,48,48833559,1724,1359636,20140823
539,3,19,22,31,42,43,26,9,1621036667,42,57894167,1519,1600761,20140816
540,3,12,13,15,34,36,14,7,1989365250,26,89266390,1409,1647216,20140809
541,8,13,26,28,32,34,43,11,1269327171,40,58177496,1444,1611565,20140802
542,5,6,19,26,41,45,34,6,2335152563,26,89813561,1456,1603814,20140726
543,13,18,26,31,34,44,12,12,1112934844,47,47358930,1968,1131032,20140719
544,5,17,21,25,36,44,10,13,1046388433,47,48237765,1527,1484725,20140712
545,4,24,25,27,34,35,2,11,1198994353,42,52337056,1497,1468375,20140705
546,8,17,20,27,37,43,6,30,405939950,55,36903632,3110,652637,20140628
547,6,7,15,22,34,39,28,5,2838444450,54,43803156,1548,1528018,20140621
548,1,12,13,21,32,45,14,8,1736871891,46,50344113,1646,1406944,20140614
549,29,31,35,38,40,44,17,8,1760805047,35,67078288,1487,1578844,20140607
550,1,7,14,20,34,37,41,11,1118679205,58,35360550,2728,751801,20140531
551,3,6,20,24,27,44,25,1,13526973750,32,70452989,1440,1565622,20140524
552,1,10,20,32,35,40,43,10,1330824225,45,49289787,1808,1226793,20140517
553,2,7,17,28,29,39,37,6,2249631438,52,43262144,1647,1365897,20140510
554,13,14,17,32,41,42,6,2,6813893625,41,55397510,1484,1530525,20140503
555,11,17,21,24,26,36,12,8,1711027360,46,49594996,1554,1468063,20140426
556,12,20,23,28,30,44,43,7,2005209161,41,57058798,1411,1657981,20140419
557,4,20,26,28,35,40,31,7,1888069286,43,51226687,1503,1465568,20140412
558,12,15,19,26,40,43,29,10,1315913663,51,43003715,1408,1557663,20140405
559,11,12,25,32,44,45,23,7,1926145608,42,53504045,1566,1434975,20140329
560,1,4,20,23,29,45,28,7,1976697215,40,57653669,1476,1562431,20140322
561,5,7,18,37,42,45,20,5,2753712225,41,55969761,1434,1600252,20140315
562,4,11,13,17,20,31,33,11,1166694614,51,41940003,1789,1195607,20140308
563,5,10,16,17,31,32,21,7,1932735643,38,59338375,1642,1373239,20140301
564,14,19,25,26,27,34,2,7,1934801143,32,70539625,1649,1368871,20140222
565,4,10,18,27,40,45,38,8,1742064469,39,59557760,1866,1244777,20140215
566,4,5,6,25,26,43,41,4,3508951032,35,66837163,1555,1504374,20140208
567,1,10,15,16,32,41,28,6,2318659438,53,43748292,1547,1498811,20140201
568,1,3,17,20,31,44,40,10,1305167550,50,43505585,1845,1179014,20140125
569,3,6,13,23,24,35,1,4,3467925188,36,64220837,1706,1355188,20140118
570,1,12,26,27,29,33,42,9,1527791625,38,60307565,1573,1456890,20140111
571,11,18,21,26,38,43,29,7,1966538465,33,69524088,1506,1523437,20140104
572,3,13,18,33,37,45,1,8,1668216188,53,41967703,1734,1282750,20131228
573,2,4,20,34,35,43,14,8,1645691766,50,43885114,1622,1352809,20131221
574,14,15,16,19,25,43,2,2,6965184938,33,70355404,1259,1844106,20131214
575,2,8,20,30,33,34,6,8,1699267875,45,50348678,1488,1522642,20131207
576,10,11,15,25,35,41,13,3,4321966000,54,40018204,1561,1384359,20131130
577,16,17,22,31,34,37,33,3,4484438375,42,53386172,1526,1469345,20131123
578,5,12,14,32,34,42,16,5,2796466575,43,54195089,1615,1442966,20131116
579,5,7,20,22,37,42,39,11,1396068444,46,55640409,1769,1446840,20131109
580,5,7,9,11,32,35,33,7,2028610500,42,56350292,1665,1421449,20131102
581,3,5,14,20,42,44,33,8,1844554547,39,63061694,1384,1777028,20131026
582,2,12,14,33,40,41,25,4,3560558719,57,41643962,1631,1455369,20131019
583,8,17,27,33,40,44,24,11,1341848353,51,48236379,1826,1347238,20131012
584,7,18,30,39,40,41,36,3,5033183250,32,78643489,1464,1718984,20131005
585,6,7,10,16,38,41,4,9,1620546334,45,54018212,1528,1590851,20130928
586,2,7,12,15,21,34,5,8,1778354344,46,51546503,1570,1510280,20130921
587,14,21,29,31,32,37,17,3,4974577375,43,57843923,1437,1730890,20130914
588,2,8,15,22,25,41,30,5,2889342075,43,55995002,1676,1436626,20130907
589,6,8,28,33,38,39,22,7,2136877983,42,59357722,1559,1599118,20130831
590,20,30,36,38,41,45,23,7,2185183983,31,82238107,1370,1860863,20130824
591,8,13,14,30,38,39,5,5,2964676200,38,65014829,1483,1665923,20130817
592,2,5,6,13,28,44,43,6,2356381688,28,84156489,1406,1675948,20130810
593,9,10,13,24,33,38,28,9,1532833500,62,37084682,1818,1264715,20130803
594,2,8,13,25,28,37,3,11,1255592796,42,54807623,1750,1315383,20130727
595,8,24,28,35,38,40,5,8,1744525219,54,43074697,1501,1549656,20130720
596,3,4,12,14,25,43,17,10,1328267663,41,53994621,1651,1340872,20130713
597,8,10,23,24,35,43,37,13,1057920606,46,49829594,1532,1496189,20130706
598,4,12,24,33,38,45,22,16,833998594,50,44479925,2053,1083291,20130629
599,5,12,17,29,34,35,27,8,1710918329,43,53051732,1685,1353843,20130622
600,5,11,14,27,29,36,44,15,901798725,41,54987728,1518,1485176,20130615
601,2,16,19,31,34,35,37,9,1524565209,28,81673137,1516,1508475,20130608
602,13,14,22,27,30,38,2,8,1689530860,42,53635901,1675,1344901,20130601
603,2,19,25,26,27,43,28,4,3452136563,30,76714146,1363,1688500,20130525
604,2,6,18,21,33,34,30,11,1229141557,36,62595172,1451,1553016,20130518
605,1,2,7,9,10,38,42,9,1394232250,40,52283710,2286,914851,20130511
606,1,5,6,14,20,39,22,10,1311566850,44,49680563,1542,1417604,20130504
607,8,14,23,36,38,39,13,4,3494480907,35,66561542,1448,1608878,20130427
608,4,8,18,19,39,44,41,7,1943530018,32,70857866,1516,1495681,20130420
609,4,8,27,34,39,40,13,2,6339311438,47,44959656,1621,1303581,20130413
610,14,18,20,23,28,36,33,4,3516018375,34,68941537,1398,1676690,20130406
611,2,22,27,33,36,37,14,4,3502706157,47,49683776,1486,1571425,20130330
612,6,9,18,19,25,33,40,11,1181705250,59,36719655,1833,1181921,20130323
613,7,8,11,16,41,44,35,9,1549831209,30,77491561,1538,1511539,20130316
614,8,21,25,39,40,44,18,6,2540975438,46,55238597,1523,1668402,20130309
615,10,17,18,19,23,27,35,9,1535062417,31,74277214,1670,1378799,20130302
616,5,13,18,23,40,45,3,9,1611811250,49,49341161,1700,1422187,20130223
617,4,5,11,12,24,27,28,8,1629701860,43,50533391,1993,1090284,20130216
618,8,16,25,30,42,43,15,5,2881326225,45,53357894,1581,1518726,20130209
619,6,8,13,30,35,40,21,3,4612479375,59,39088809,1712,1347103,20130202
620,2,16,17,32,39,45,40,7,2028283233,44,53780238,1661,1424643,20130126
621,1,2,6,16,19,42,9,6,2359723500,62,38060057,1555,1517508,20130119
622,9,15,16,21,28,34,24,9,1630598292,34,71938160,1629,1501472,20130112
623,7,13,30,39,41,45,25,8,1813702594,35,69093433,1456,1660900,20130105
624,1,7,19,26,27,35,16,5,2763729450,61,37755867,1574,1463220,20121229
625,3,6,7,20,21,39,13,5,2765184675,45,51207124,1654,1393181,20121222
626,13,14,26,33,40,43,15,8,1717871110,45,50899885,1766,1296996,20121215
627,2,9,22,25,31,45,12,10,1352230650,35,64391936,1532,1471096,20121208
628,1,7,12,15,23,42,11,9,1499942875,37,60808495,1628,1382012,20121201
629,19,28,31,38,43,44,1,5,2919433575,34,71554745,1321,1841682,20121124
630,8,17,21,24,27,31,15,3,4836305500,48,50378183,1631,1482620,20121117
631,1,2,4,23,31,34,8,4,3919853532,46,56809472,1676,1559210,20121110
632,15,18,21,32,35,44,6,11,1432587716,52,50507901,1645,1596603,20121103
633,9,12,19,20,39,41,13,12,1217257094,47,51798175,1789,1360825,20121027
634,4,10,11,12,20,27,38,13,1077935106,54,43250483,2208,1057757,20121020
635,11,13,25,26,29,33,32,8,1855587235,35,70689038,1650,1499465,20121013
636,6,7,15,16,20,31,26,8,1832362219,44,55526128,1973,1238292,20121006
637,3,16,22,37,38,44,23,4,3899241094,45,57766535,1637,1587963,20120929
638,7,18,22,24,31,34,6,7,2229403179,41,63438302,1719,1513072,20120922
639,6,15,22,23,25,32,40,4,4061185219,45,60165707,1628,1663058,20120915
640,14,15,18,21,26,35,23,9,1728768834,48,54024027,1639,1582156,20120908
641,11,18,21,36,37,43,12,8,1990074563,50,53068655,1565,1695485,20120901
642,8,17,18,24,39,45,32,12,1251460438,62,40369692,1815,1379020,20120825
643,15,24,31,32,33,40,13,6,2535763625,43,58971248,1525,1662796,20120818
644,5,13,17,23,28,36,8,8,1831451204,49,49835407,1879,1299593,20120811
645,1,4,16,26,40,41,31,4,3696297750,28,88007090,1766,1395356,20120804
646,2,9,24,41,43,45,30,7,2215498393,36,71798560,1522,1698258,20120728
647,5,16,21,23,24,30,29,7,2189725608,44,58060907,1596,1600677,20120721
648,13,19,28,37,38,43,4,7,2120987947,45,54988577,1631,1517159,20120714
649,3,21,22,33,41,42,20,5,2948042100,45,54593373,1689,1454531,20120707
650,3,4,7,11,31,41,35,5,2849298900,45,52764795,1814,1308940,20120630
651,11,12,16,26,29,44,18,8,1855306454,35,70678342,1684,1468968,20120623
652,3,13,15,40,41,44,20,5,3003483525,36,69525082,1504,1664165,20120616
653,5,6,26,27,38,39,1,14,980958670,56,40873278,1997,1146172,20120609
654,16,21,26,31,36,43,6,8,1879301391,69,36315003,1787,1402203,20120602
655,7,37,38,39,40,44,18,9,1661439625,41,60784377,1610,1547926,20120526
656,3,7,14,16,31,40,39,2,7330002750,48,50902797,1747,1398589,20120519
657,10,14,19,39,40,43,23,9,1694762792,52,48887389,1562,1627494,20120512
658,8,19,25,28,32,36,37,9,1634031375,38,64501239,1678,1460696,20120505
659,7,18,19,27,29,42,45,11,1336604216,40,61261027,1765,1388352,20120428
660,4,9,23,33,39,44,14,10,1421272575,48,49349743,1951,1214141,20120421
661,2,3,12,20,27,38,40,8,1713025547,63,36254509,1830,1248107,20120414
662,5,6,9,11,15,37,26,8,1689733688,43,52394844,1787,1260761,20120407
663,3,5,8,19,38,42,20,7,2080244143,60,40449192,1627,1491673,20120331
664,10,20,33,36,41,44,5,10,1536801338,44,58212172,1530,1674076,20120324
665,5,6,11,17,38,44,13,4,3643230375,30,80960675,1790,1356883,20120317
666,2,4,6,11,17,28,16,6,2396901063,47,50997895,1947,1231074,20120310
667,15,17,25,37,42,43,13,7,2228764393,40,65005629,1543,1685176,20120303
668,12,14,15,24,27,32,3,5,2991158625,56,44511290,1873,1330824,20120225
669,7,8,20,29,33,38,9,6,2708173188,52,52080254,1949,1389520,20120218
670,11,18,26,27,40,41,25,12,1191725219,39,61114114,2145,1111166,20120211
671,7,9,10,13,31,35,24,4,3722322844,48,51698929,1778,1395697,20120204
672,8,21,28,31,36,45,43,9,1754745000,46,57219946,1629,1615788,20120128
673,7,10,17,29,33,44,5,10,1491453300,35,71021586,1864,1333560,20120121
674,9,10,14,25,27,31,11,8,1770565500,48,49182375,1846,1278849,20120114
675,1,8,11,15,18,45,7,4,3514549032,65,36046657,1806,1297361,20120107
676,1,8,17,34,39,45,27,8,1879726500,63,39782572,1665,1505287,20111231
677,12,15,24,36,41,44,42,8,1921114407,37,69229348,1701,1505871,20111224
678,4,5,6,12,25,37,45,6,2288490188,41,55816834,1855,1233688,20111217
679,3,5,7,14,26,34,35,5,2863005600,54,44182186,1829,1304450,20111210
680,4,10,19,29,32,42,30,14,1110570563,44,58893894,1870,1385739,20111203
681,21,24,27,29,43,44,7,6,2696328938,37,72873756,1441,1871152,20111126
682,17,23,27,35,38,43,2,4,4063713563,56,48377543,1851,1463611,20111119
683,6,13,20,27,28,40,15,16,1010930883,45,59907016,2704,996974,20111112
684,1,11,15,17,25,39,40,9,1688815709,62,40858445,1968,1287208,20111105
685,6,7,12,28,38,40,18,11,1494367671,52,52686040,1910,1434385,20111029
686,7,12,15,24,25,43,13,8,1937531719,36,71760435,1863,1386676,20111022
687,1,8,10,13,28,42,45,6,2720029313,38,71579719,1780,1528107,20111015
688,5,15,22,23,34,35,2,9,1967536750,53,55685003,2107,1400715,20111008
689,7,17,19,30,36,38,34,7,2321775911,44,61562241,1809,1497368,20111001
690,24,25,33,34,38,39,43,15,1126507625,34,82831444,1772,1589317,20110924
691,15,27,33,35,43,45,16,6,2839296750,31,91590218,1708,1662352,20110917
692,3,11,14,15,32,36,44,7,2301273697,44,61018621,1770,1516848,20110910
693,1,6,11,28,34,42,30,10,1642763813,43,63673016,1692,1618168,20110903
694,7,15,20,25,33,43,12,10,1555036388,78,33227274,2286,1133739,20110827
695,4,18,26,33,34,38,14,11,1450214830,66,40283746,1979,1343471,20110820
696,1,7,16,18,34,38,21,10,1632054413,44,61820243,1721,1580530,20110813
697,2,5,8,11,33,39,31,10,1531443038,90,28360057,1940,1315673,20110806
698,3,11,13,21,33,37,18,8,1921084125,48,53363448,2088,1226746,20110730
699,4,5,8,16,21,29,3,8,1995411375,50,53210970,1799,1478905,20110723
700,11,23,28,29,30,44,13,8,2082099188,41,67710543,1562,1777294,20110716
701,3,10,14,16,36,38,35,10,1583183175,40,65965966,1659,1590500,20110709
702,3,13,16,24,26,29,9,11,1465091387,46,58391324,1819,1476636,20110702
703,10,28,31,33,41,44,21,5,3235784100,51,52872290,1719,1568637,20110625
704,1,4,8,23,33,42,45,4,3865190344,47,54825395,1906,1351938,20110618
705,1,6,17,22,28,45,23,4,3987206532,49,54247708,1805,1472653,20110611
706,3,4,6,10,28,30,37,4,3831746063,51,50088184,2108,1211811,20110604
707,2,12,19,24,39,44,35,12,1322167313,74,35734252,2006,1318213,20110528
708,2,10,16,19,34,45,1,4,4099552219,52,52558362,1712,1596399,20110521
709,10,18,30,36,39,44,32,14,1165271625,44,61794708,1696,1603165,20110514
710,3,4,9,24,25,33,10,5,2895441150,57,42331011,1990,1212497,20110507
711,11,15,24,35,37,45,42,7,2277413358,44,60385961,1865,1424656,20110430
712,17,20,30,31,33,45,19,4,4034485125,47,57226740,1727,1557416,20110423
713,2,5,15,18,19,23,44,9,1714720917,50,51441628,1791,1436115,20110416
714,1,7,22,33,37,40,20,7,2085131733,46,52883776,2029,1198943,20110409
715,2,7,27,33,41,44,10,6,2605510438,61,42713286,1873,1391090,20110402
716,2,6,13,16,29,30,21,12,1358752157,35,77642981,1743,1559096,20110326
717,2,11,19,25,28,32,44,6,2702433688,47,57498590,1974,1369015,20110319
718,4,11,20,23,32,39,40,17,926166464,64,41002162,2404,1091572,20110312
719,4,8,13,19,20,43,26,9,1879581334,58,48609863,2020,1395729,20110305
720,1,12,29,34,36,37,41,14,1233770358,37,77805338,1778,1619122,20110226
721,1,28,35,41,43,44,31,8,2273767360,40,75792246,1607,1886553,20110219
722,12,14,21,30,39,43,45,4,4365422719,46,63266996,1688,1724101,20110212
723,20,30,33,35,36,44,22,8,2114365360,40,70478846,1777,1586469,20110205
724,2,8,33,35,37,41,14,12,1427789813,55,51919630,1833,1557873,20110129
725,6,7,19,21,41,43,38,11,1579217250,47,61600673,1795,1612943,20110122
726,1,11,21,23,34,44,24,14,1166872634,56,48619694,2099,1297143,20110115
727,7,8,10,19,21,31,20,14,1115107742,87,29907105,2064,1260620,20110108
728,3,6,10,30,34,37,36,5,3243464400,56,48265840,1869,1446168,20110101
729,11,17,21,26,36,45,16,4,4198250719,35,79966681,1875,1492712,20101225
730,4,10,14,15,18,22,39,8,2017382110,45,59774285,1741,1544999,20101218
731,2,7,13,25,42,45,39,7,2340471054,45,60678880,1908,1431106,20101211
732,2,4,5,17,27,32,43,7,2203270608,45,57121831,2061,1247202,20101204
733,11,24,32,33,35,40,13,4,4016725125,57,46979242,1966,1362064,20101127
734,6,16,37,38,41,45,18,9,1949395500,36,81224813,1758,1663307,20101120
735,5,10,13,27,37,41,4,10,1847231588,50,61574387,2269,1356862,20101113
736,2,11,17,18,21,27,6,5,3397362225,54,52428430,2250,1258283,20101106
737,13,15,18,24,27,41,11,4,4283061000,48,59486959,1937,1474122,20101030
738,23,27,28,38,42,43,36,11,1634191091,48,62417021,1640,1826840,20101023
739,7,22,29,33,34,35,30,4,4744122282,45,70283294,1942,1628604,20101016
740,4,8,9,16,17,19,31,18,936929792,43,65367195,2447,1148668,20101009
741,5,21,27,34,44,45,16,6,3043595938,55,55338108,1829,1664077,20101002
742,8,10,13,36,37,40,6,16,1111814813,44,67382716,1986,1492870,20100925
743,15,19,21,34,41,44,10,7,2608641000,46,66161185,1982,1535527,20100918
744,10,15,18,21,34,41,43,15,1155411575,61,47352934,2779,1039414,20100911
745,1,2,3,9,12,23,10,20,746822982,110,22631000,3692,674272,20100904
746,3,12,33,36,42,45,25,9,2038623709,58,52723027,1904,1606059,20100828
747,7,9,12,14,23,28,17,9,1903214584,59,48386812,2217,1287696,20100821
748,3,10,13,22,31,32,29,9,1928246542,59,49023218,1937,1493222,20100814
749,12,14,24,26,34,45,41,13,1350104395,64,45706660,1985,1473666,20100807
750,1,2,15,19,24,36,12,7,2522104286,44,66873978,1779,1653994,20100731
751,3,4,16,20,28,44,17,8,2097968110,69,40540447,2210,1265743,20100724
752,4,16,20,33,40,43,7,9,1870358834,75,37407177,2036,1377966,20100717
753,2,17,19,24,37,41,3,6,2711105063,58,46743191,1934,1401813,20100710
754,2,8,17,24,29,31,32,5,3427542000,50,57125700,1856,1538947,20100703
755,13,14,26,28,30,36,37,8,2214427266,54,54677217,1845,1600309,20100626
756,10,14,16,18,27,28,4,5,3414434700,53,53686081,1866,1524846,20100619
757,6,7,11,17,33,44,1,21,739839858,68,38079993,2657,974573,20100612
758,5,9,12,30,39,43,24,8,2078969954,63,43999365,2170,1277401,20100605
759,9,33,36,40,42,43,32,6,3032670500,44,68924330,1761,1722130,20100529
760,10,22,27,31,42,43,12,8,2253299391,45,66764427,1749,1717782,20100522
761,4,7,11,24,42,45,30,7,2392730518,52,53683057,2139,1305058,20100515
762,1,3,12,21,26,41,16,10,1631432063,53,51302896,2044,1330261,20100508
763,3,8,16,32,34,43,10,8,2138130000,45,63352000,2019,1412006,20100501
764,7,22,24,31,34,36,15,7,2459975465,44,65226623,1908,1504178,20100424
765,1,3,8,12,42,43,33,15,1109214250,54,51352512,2121,1307419,20100417
766,9,30,34,35,39,41,21,8,2173637297,41,70687392,1734,1671386,20100410
767,5,15,20,31,34,42,22,15,1163768725,46,63248301,1905,1527256,20100403
768,7,27,29,30,38,44,4,13,1363572260,53,55743521,1849,1597841,20100327
769,5,7,11,16,41,45,4,9,1930760042,55,52657093,1962,1476117,20100320
770,1,9,12,23,39,43,34,8,2163099329,75,38455100,2302,1252882,20100313
771,6,10,17,18,21,29,30,4,4362644907,49,59355714,2054,1415984,20100306
772,5,6,11,14,21,41,32,10,1769608838,53,55648077,2027,1455032,20100227
773,8,12,19,21,31,35,44,11,1609403080,58,50871937,2094,1409061,20100220
774,12,15,18,28,34,42,9,11,1709721512,60,52241491,1956,1602500,20100213
775,11,12,29,33,38,42,17,5,3470437650,37,78163011,1719,1682392,20100206
776,8,9,18,21,28,40,20,7,2557579393,50,59676853,2001,1491176,20100130
777,6,12,17,21,34,37,18,21,833468036,66,44199063,2413,1208926,20100123
778,6,21,35,36,37,41,11,3,6264069500,67,46746788,1731,1809379,20100116
779,6,12,19,24,34,41,4,11,1527709296,66,42436370,2503,1118978,20100109
780,15,17,19,21,27,45,16,11,1667520137,45,67936006,1681,1818632,20100102
781,11,16,18,19,24,39,43,9,1882891542,52,54314180,1967,1435861,20091226
782,6,18,31,34,38,45,20,9,1946487625,49,59586356,2047,1426347,20091219
783,14,15,16,17,38,45,36,4,4603964625,36,85258605,1869,1642221,20091212
784,3,10,23,24,31,39,22,9,1908678000,51,56137589,2257,1268506,20091205
785,4,6,15,25,26,33,40,6,2886622688,55,52484049,1972,1463805,20091128
786,12,15,16,20,24,30,38,4,4551365250,96,31606704,2064,1470080,20091121
787,5,6,13,16,27,28,9,6,3092108313,51,60629575,2339,1321979,20091114
788,2,10,11,19,35,39,29,13,1401475154,70,43378993,2257,1345384,20091107
789,2,6,7,12,19,45,38,15,1140976825,70,40749173,2437,1170473,20091031
790,3,8,19,27,30,41,12,16,1160516274,59,52452713,2417,1280394,20091024
791,2,10,12,31,33,42,32,14,1253081893,38,76943625,2410,1213219,20091017
792,2,7,19,25,29,36,16,7,2655736768,65,47667071,1958,1582411,20091010
793,10,15,21,35,38,43,31,5,3750146775,61,51231514,2043,1529674,20091003
794,6,7,18,19,30,38,13,7,2650940304,45,68728082,2607,1186331,20090926
795,3,10,13,26,34,38,36,11,1714977000,62,50711686,2423,1297617,20090919
796,1,21,26,36,40,41,5,7,2763490340,46,70088524,1921,1678331,20090912
797,5,22,31,32,39,45,36,8,2397028125,34,94001103,1868,1710941,20090905
798,2,10,14,22,32,36,41,7,2710791911,60,52709843,2124,1488979,20090829
799,12,17,23,34,42,45,33,10,1826427225,56,54357954,2242,1357737,20090822
800,1,4,10,12,28,45,26,11,1632246205,51,58675518,2179,1373315,20090815
801,17,25,28,37,43,44,2,8,2256786657,51,59000959,1999,1505278,20090808
802,10,11,12,18,24,42,27,16,1082947993,67,43102408,2207,1308501,20090801
803,5,9,14,26,30,43,2,5,3663810225,50,61063504,2094,1458059,20090725
804,1,10,13,26,32,36,9,11,1631996523,49,61061095,2048,1460935,20090718
805,3,12,13,18,31,32,42,4,4266061969,53,53661157,2075,1370623,20090711
806,14,20,23,31,37,38,27,7,2640760875,57,54050662,1850,1665345,20090704
807,6,10,18,25,34,35,33,7,2437662322,59,48202363,2319,1226365,20090627
808,15,21,31,32,41,43,24,6,3087620500,46,67122185,1962,1573711,20090620
809,6,11,15,17,23,40,39,6,2921372750,56,52167371,2179,1340695,20090613
810,5,10,13,21,39,43,11,8,2231598047,64,46491626,2053,1449325,20090606
811,8,11,19,21,36,45,25,7,2524148197,49,60098767,2151,1369057,20090530
812,1,3,12,14,16,43,10,6,2947954750,68,43352276,1976,1491880,20090523
813,11,30,34,35,42,44,27,4,4591763157,43,71190127,1800,1700654,20090516
814,2,21,28,38,42,45,30,6,3067192063,52,58984463,1833,1673319,20090509
815,17,21,25,26,27,36,4,7,2579855358,39,77175161,1703,1767371,20090502
816,12,18,19,29,31,39,7,8,2128107938,67,42350407,2064,1374747,20090425
817,3,9,12,13,25,43,34,9,1868477334,54,51902149,2068,1355279,20090418
818,14,15,25,28,29,30,3,13,1380804318,39,76711351,1845,1621541,20090411
819,16,25,33,38,40,45,15,7,2594534840,49,61774640,1981,1527995,20090404
820,10,21,22,30,35,42,6,4,4627313532,60,51414595,1987,1552530,20090328
821,1,12,13,24,29,44,16,14,1316155956,55,55836920,2100,1462396,20090321
822,9,18,20,24,27,36,12,3,5930898625,79,37537334,2153,1377357,20090314
823,12,18,24,26,39,40,15,9,2009843917,61,49422392,2348,1283972,20090307
824,7,9,24,29,34,38,26,15,1256646550,51,61600322,2106,1491746,20090228
825,8,15,21,31,33,38,42,12,1658710563,53,62592852,2249,1475065,20090221
826,13,16,24,25,33,36,42,9,2075192084,47,66229535,2232,1394619,20090214
827,5,11,12,29,33,44,14,15,1206500375,46,65570673,2113,1427474,20090207
828,4,7,13,29,31,39,18,13,1455185972,62,50853274,1968,1602085,20090131
829,4,5,31,35,43,45,29,8,2444650641,45,72434094,1837,1774379,20090124
830,5,6,16,18,37,38,17,9,2060528750,80,38634915,2142,1442948,20090117
831,3,10,16,19,31,39,9,16,1110702258,61,48555290,2660,1113486,20090110
832,13,14,19,26,40,43,30,9,2088204584,60,52205115,2137,1465750,20090103
833,12,18,30,39,41,42,19,8,2356317282,53,59278423,1945,1615299,20081227
834,6,8,18,35,42,43,3,11,1690693671,47,65949044,1967,1575804,20081220
835,9,10,13,28,38,45,35,15,1233681125,58,53175911,2306,1337469,20081213
836,1,9,11,14,26,28,19,14,1257843670,62,47338203,2230,1316130,20081206
837,2,25,28,30,33,45,6,6,3144449125,47,66903173,2012,1562848,20081129
838,9,14,17,33,36,38,20,5,3813733050,68,46736925,2220,1431582,20081122
839,3,9,11,12,13,19,35,13,1359454904,48,61364284,2664,1105663,20081115
840,2,4,11,28,29,43,27,10,2042961788,51,66763458,2275,1496676,20081108
841,5,11,14,30,33,38,24,17,1116095714,88,35934900,2490,1269989,20081101
842,14,26,32,36,39,42,38,10,2035475025,42,80772819,2039,1663786,20081025
843,19,21,30,33,34,42,4,5,4012970100,52,64310419,2002,1670401,20081018
844,7,8,13,15,33,45,18,18,1162963542,73,47793023,2406,1450080,20081011
845,1,16,29,33,40,45,6,11,1891217182,56,61914849,2038,1701292,20081004
846,5,18,30,41,43,45,13,13,1596884395,69,50143713,1997,1732557,20080927
847,12,16,26,28,30,42,22,8,2520846657,40,84028222,2443,1375821,20080920
848,1,2,16,22,38,39,34,7,3011580858,42,83655024,2109,1665961,20080913
849,5,13,17,29,34,39,3,17,1158252883,56,58602081,2682,1223608,20080906
850,16,20,24,28,36,39,5,6,3377587875,55,61410689,2023,1669594,20080830
851,14,18,22,26,31,44,40,8,2483692313,70,47308425,2101,1576197,20080823
852,11,17,28,30,33,35,9,4,4801543407,67,47776552,2328,1375013,20080816
853,2,8,23,26,27,44,13,7,2885006786,90,37398237,2018,1667910,20080809
854,20,25,31,32,36,43,3,6,3421706750,44,77766063,1865,1834696,20080802
855,8,15,17,19,43,44,7,9,2269510500,61,55807636,2022,1683614,20080726
856,10,24,40,41,43,44,17,5,3977927550,53,62546031,1949,1700842,20080719
857,6,10,16,28,34,38,43,15,1284915425,62,51811106,2367,1357114,20080712
858,9,13,32,38,39,43,23,9,2202347459,41,80573688,2075,1592059,20080705
859,8,22,35,38,39,41,24,11,1853927489,51,66644453,1895,1793598,20080628
860,4,8,18,25,27,32,42,10,1879899825,62,50534942,2339,1339533,20080621
861,11,17,19,21,22,25,24,4,4872108844,65,49970348,2256,1439749,20080614
862,10,34,38,40,42,43,32,9,2190922709,63,52164827,2042,1609395,20080607
863,16,21,28,35,39,43,12,7,2853357322,64,52014327,2042,1630224,20080531
864,3,7,10,13,25,36,32,11,1716553637,64,49172110,2467,1275645,20080524
865,3,15,22,32,33,45,2,13,1551729145,52,64655382,2076,1619499,20080517
866,9,15,29,34,37,39,12,9,2240409000,68,49420787,2035,1651408,20080510
867,14,17,19,22,24,40,41,5,3933755250,57,57511042,2175,1507186,20080503
868,12,17,28,41,43,44,25,6,3233804250,61,53013185,2152,1502698,20080426
869,2,6,20,27,37,39,4,10,1922582588,56,57219720,2210,1449912,20080419
870,21,25,30,32,40,42,31,10,1928842988,48,66973715,2033,1581279,20080412
871,2,6,12,26,30,34,38,7,2718071358,61,51984972,2231,1421374,20080405
872,2,4,30,32,33,43,29,16,1262705579,46,73200324,2018,1668591,20080329
873,3,5,12,13,33,39,38,10,1874553225,68,45944932,2375,1315476,20080322
874,1,15,19,23,28,42,32,18,1117123917,68,49284879,2240,1496149,20080315
875,19,22,30,34,39,44,36,14,1415946724,33,100117446,2278,1450341,20080308
876,5,16,21,26,34,42,24,19,1090657856,59,58538134,2427,1423054,20080301
877,5,17,18,22,23,43,12,12,1716607188,75,45776192,2167,1584317,20080223
878,2,6,11,16,25,31,3,6,3207993500,69,46492660,2971,1079769,20080216
879,1,4,10,14,15,35,20,6,3206361313,77,41641057,2594,1236069,20080209
880,7,17,19,23,24,45,38,7,2837810465,52,63668825,2332,1419717,20080202
881,4,18,20,26,27,32,9,8,2503212282,67,49815170,2189,1524722,20080126
882,18,34,39,43,44,45,23,5,4127270400,44,78168000,2082,1651966,20080119
883,9,18,32,33,37,44,22,15,1360519525,65,52327675,2538,1340150,20080112
884,4,14,23,28,37,45,17,12,1799077282,74,48623711,2207,1630338,20080105
885,1,3,24,27,39,45,31,13,1543832568,56,59731618,2279,1467737,20071229
886,19,23,28,37,42,45,2,7,2974643786,59,58820640,2140,1621691,20071222
887,8,14,17,27,36,45,10,8,2535268688,66,51217550,2388,1415561,20071215
888,3,7,12,31,34,38,32,8,2370359204,59,53567440,2453,1288414,20071208
889,3,13,29,38,39,42,26,10,2108986950,60,58582971,2338,1503413,20071201
890,1,4,14,18,29,37,6,9,2335486167,58,60400505,2376,1474424,20071124
891,9,13,28,31,39,41,19,7,3082673947,77,46707182,2443,1472147,20071117
892,4,9,17,18,26,42,36,17,1282017464,78,46569011,2709,1340858,20071110
893,1,15,17,23,25,41,10,9,2377433625,58,61485353,2113,1687720,20071103
894,19,32,37,40,41,43,45,9,2377935959,56,63694714,2331,1530204,20071027
895,16,26,31,38,39,41,23,12,1928079219,58,66485491,2750,1402240,20071020
896,5,12,25,26,38,45,23,7,3053222036,46,77436791,2586,1377453,20071013
897,6,7,12,22,26,36,29,13,1619922520,62,56610196,2398,1463650,20071006
898,18,21,28,35,37,42,17,8,2639313235,56,62840792,3240,1086138,20070929
899,8,19,20,21,33,39,37,6,3359356063,53,63384077,2402,1398567,20070922
900,7,13,16,18,35,38,14,6,3349851375,51,65683361,2385,1404550,20070915
901,5,18,20,23,30,34,21,9,2267974667,67,50775553,2308,1473987,20070908
902,7,19,23,24,36,39,30,13,1619317529,67,52365990,2372,1479141,20070901
903,2,15,16,21,22,28,45,13,1684582212,49,74488330,2316,1575963,20070825
904,2,6,8,26,43,45,11,8,2718077813,92,39392433,2337,1550751,20070818
905,3,4,16,27,38,40,20,7,3017862536,77,45725190,2643,1332138,20070811
906,2,5,14,28,31,32,20,9,2472607250,63,58871602,2369,1565602,20070804
907,21,27,29,38,40,44,37,7,3165059036,67,55112969,2300,1605465,20070728
908,3,16,21,22,23,44,30,8,2834856141,57,66312425,2161,1749102,20070721
909,7,24,29,30,34,35,33,11,2021062875,63,58814000,2316,1599863,20070714
910,1,11,17,27,35,39,31,21,941316375,72,45758435,2694,1222943,20070707
911,4,5,12,14,32,42,35,10,2113538625,58,60733869,2571,1370115,20070630
912,5,8,18,21,22,38,10,14,1493500581,70,49783353,2547,1368212,20070623
913,6,14,16,21,27,37,40,16,1338755602,66,54091136,2467,1447108,20070616
914,16,19,24,33,42,44,27,11,1950005557,55,65000186,2585,1382983,20070609
915,2,6,11,13,22,37,14,6,3518640500,63,55851437,2436,1444434,20070602
916,6,21,22,32,35,36,17,11,2025384341,70,53045781,2184,1700186,20070526
917,1,3,23,24,27,43,34,10,2144799638,47,76056725,2260,1581711,20070519
918,7,11,12,31,33,38,5,18,1117622646,86,38986837,2718,1233580,20070512
919,9,14,17,18,42,44,35,5,4305150450,56,64064739,2541,1411896,20070505
920,2,3,26,33,34,43,29,7,3120260197,53,68684973,2348,1550385,20070428
921,5,7,12,22,28,41,1,17,1232573405,72,48504047,2682,1302123,20070421
922,2,6,13,17,27,43,36,6,3417904500,89,38403422,2876,1188423,20070414
923,3,17,18,23,36,41,26,8,2667554625,56,63513206,2376,1496945,20070407
924,3,11,34,42,43,44,13,9,2382430667,69,51791972,2198,1625863,20070331
925,13,24,32,34,39,42,4,12,1771080532,68,52090604,2335,1516986,20070324
926,10,16,18,20,25,31,6,10,2032490663,72,47048395,2923,1158907,20070317
927,4,15,22,38,41,43,26,6,3714203875,63,58955618,2331,1593396,20070310
928,3,4,10,20,28,44,30,7,3134591358,81,45148436,2639,1385761,20070303
929,7,9,12,15,19,23,4,16,1308035157,91,38330701,3028,1151947,20070224
930,8,21,25,38,39,44,28,8,2832418829,55,68664699,2776,1360432,20070217
931,14,15,23,25,35,43,32,8,2957108063,54,73015014,2596,1518803,20070210
932,1,6,15,36,37,38,5,7,3390022983,64,61797294,2420,1634309,20070203
933,23,27,29,31,36,45,37,8,2927797079,63,61963960,2215,1762407,20070127
934,1,3,30,33,36,39,12,4,5765772844,66,58240130,2359,1629440,20070120
935,4,10,20,32,38,44,18,13,1711055424,120,30894057,2933,1263992,20070113
936,7,11,13,17,18,29,43,14,1492069179,77,45214218,2864,1215606,20070106
937,2,10,13,22,29,40,26,11,2058420819,57,66206518,2480,1521683,20061230
938,4,8,10,16,31,36,9,10,2249466563,64,58579859,2531,1481277,20061223
939,4,11,28,39,42,45,6,13,1708363039,67,55245571,2682,1380110,20061216
940,3,15,20,22,24,41,11,8,2846071079,51,74407088,2329,1629353,20061209
941,12,14,25,27,39,40,35,16,1347297422,87,41296473,3275,1097037,20061202
942,10,12,18,35,42,43,39,6,3761680313,52,72340007,2473,1521101,20061125
943,1,8,13,36,44,45,39,7,3435045108,74,54156117,2722,1472283,20061118
944,2,13,16,19,32,33,42,13,1961836356,79,53805639,3057,1390464,20061111
945,9,10,15,30,33,37,26,13,1765554491,71,53878424,2490,1536293,20061104
946,9,18,19,30,34,40,20,11,2157656182,71,55714127,2949,1341371,20061028
947,3,8,17,20,27,35,26,18,1275855750,58,65992539,3182,1202881,20061021
948,13,18,30,31,38,41,5,11,2188548716,90,44581548,2905,1381184,20061014
949,14,21,35,36,40,44,30,10,2458569713,65,63040250,2594,1579652,20061007
950,3,4,15,22,28,40,10,8,3281920500,67,65311851,2886,1516249,20060930
951,2,12,30,31,39,43,38,14,1747552661,72,56633652,2907,1402692,20060923
952,4,12,22,24,33,41,38,9,2713699834,93,43769353,3039,1339438,20060916
953,7,9,22,27,37,42,34,14,1640636009,102,37530890,3273,1169616,20060909
954,1,9,26,28,30,41,32,10,2478795900,64,64551977,2657,1554884,20060902
955,4,9,23,26,29,33,8,12,2023170188,71,56990710,2650,1526921,20060826
956,10,11,20,21,25,41,40,11,2022982671,136,27270600,3053,1214806,20060819
957,4,15,24,35,36,40,1,11,2126634137,61,63915234,2835,1375249,20060812
958,2,9,10,16,35,37,1,15,1596119675,67,59556705,2470,1615506,20060805
959,1,14,15,24,40,41,35,8,3015312891,75,53605563,2502,1606882,20060729
960,2,18,24,30,32,45,14,10,2401133213,56,71462298,2569,1557762,20060722
961,11,20,29,31,33,42,43,9,2575231209,73,52915710,2716,1422256,20060715
962,1,18,28,31,34,43,40,12,1940906094,73,53175510,2581,1503996,20060708
963,6,12,19,23,34,42,35,15,1476478125,68,54282285,3137,1176665,20060701
964,6,21,36,38,39,43,30,10,2345861063,52,75187855,2447,1597781,20060624
965,2,13,25,28,29,36,34,7,3403348929,46,86316821,2389,1662024,20060617
966,1,21,25,29,34,37,36,10,2411303513,50,80376784,2352,1708691,20060610
967,1,6,13,37,38,40,9,4,5809776094,69,56133103,2475,1564923,20060603
968,2,5,12,14,24,39,33,13,1667729683,97,37251694,3116,1159633,20060527
969,3,9,10,29,40,45,7,20,1149427894,56,68418328,2633,1455157,20060520
970,9,11,16,21,28,36,5,14,1611544045,87,43221488,2479,1516850,20060513
971,2,6,17,18,21,26,7,6,3725880250,62,60094843,2685,1387665,20060506
972,3,6,17,23,37,39,26,20,1124886244,80,46870261,2570,1458997,20060429
973,22,26,31,37,41,42,24,8,2912742750,42,92468024,2257,1720717,20060422
974,1,2,11,16,39,44,32,17,1317034523,66,56539361,2636,1415629,20060415
975,7,8,9,17,22,24,5,9,2440410375,61,60010092,2828,1294419,20060408
976,4,12,14,25,35,37,2,7,3243867215,69,54847997,3085,1226747,20060401
977,2,9,10,14,22,44,16,14,1669905911,82,47517648,2474,1574959,20060325
978,1,7,15,32,34,42,8,10,2373391388,70,56509319,2826,1399736,20060318
979,7,11,16,21,27,33,24,14,1606400518,79,47446429,3414,1097911,20060311
980,3,13,16,23,24,35,14,7,3409443215,70,56824054,2819,1411027,20060304
981,27,36,37,41,43,45,32,13,1992863193,65,66428774,2824,1528991,20060225
982,5,7,13,20,21,44,33,8,3023630672,81,49771699,2931,1375472,20060218
983,13,23,26,31,35,43,15,10,2503422225,78,53491928,2640,1580444,20060211
984,3,10,23,35,36,37,18,7,3453006268,64,62945427,2596,1551814,20060204
985,17,21,23,30,34,44,19,10,2434752975,62,65450349,2581,1572229,20060128
986,7,10,16,28,41,42,40,10,2375275125,70,56554170,2793,1417398,20060121
987,2,4,15,23,29,38,7,10,2378711625,73,54308485,2968,1335755,20060114
988,2,13,20,30,31,41,27,9,2678489375,61,65864493,2663,1508725,20060107
989,17,18,21,27,29,33,26,4,5826768563,63,61658927,2444,1589408,20051231
990,2,4,25,26,36,37,28,14,1740095277,56,72503970,2858,1420652,20051224
991,13,18,25,31,33,44,38,8,2904166032,110,35202013,2969,1304218,20051217
992,12,20,26,33,44,45,24,12,1986955563,58,68515710,2373,1674636,20051210
993,6,14,16,18,24,42,44,6,3991197063,70,57017101,2732,1460907,20051203
994,1,3,8,24,27,35,28,12,1861582063,70,53188059,2803,1328279,20051126
995,1,4,13,29,38,39,7,7,3447271875,69,58287206,2793,1439964,20051119
996,6,11,15,24,32,39,28,18,1491185771,86,52018109,3313,1350305,20051112
997,4,7,14,16,24,44,20,19,1253749560,85,46708317,3692,1075354,20051105
998,13,17,18,20,42,45,41,12,2076499657,53,78358478,2648,1568354,20051029
999,1,3,9,14,18,28,34,16,1513274790,67,60229843,2943,1371186,20051022
1000,2,8,19,22,32,42,39,22,1246819620,109,41941945,4018,1137798,20051015
1001,6,10,12,14,20,42,15,12,2077279594,66,62947867,2761,1504730,20051008
1002,17,25,33,35,38,45,15,8,3088449563,85,48446268,3193,1289676,20051001
1003,1,4,29,39,43,45,31,14,1811116822,66,64029383,2649,1595297,20050924
1004,7,15,30,37,39,44,18,10,2576251913,68,63143430,2785,1541743,20050917
1005,8,13,18,24,27,29,17,12,2061199344,84,49076175,2798,1473338,20050910
1006,8,11,15,16,17,37,36,9,2855602125,65,65898511,2487,1722318,20050903
1007,8,11,16,19,21,25,40,9,2718786375,70,58259709,2844,1433960,20050827
1008,9,11,30,31,41,44,33,11,2267377910,97,42854222,2826,1470935,20050820
1009,15,23,29,34,40,44,20,15,1702462825,69,61683436,2632,1617081,20050813
1010,9,12,15,25,34,36,3,8,3119380079,66,63017780,2781,1495568,20050806
1011,1,9,12,26,35,38,42,11,2220348512,76,53561039,2818,1444514,20050730
1012,5,11,18,20,35,45,3,13,1861944318,76,53081746,2882,1399797,20050723
1013,21,22,26,34,36,41,32,5,5047570725,79,53244417,2586,1626570,20050716
1014,3,11,14,18,26,27,21,10,2410449338,69,58223414,2849,1410115,20050709
1015,14,23,31,33,37,40,44,8,3051105610,102,39883734,2880,1412549,20050702
1016,15,26,28,34,41,42,44,11,2260660671,68,60949185,2686,1543018,20050625
1017,12,18,22,23,30,34,32,7,3517684822,70,58628081,2596,1580881,20050618
1018,3,19,21,25,37,45,35,2,12361744688,62,66460993,2693,1530109,20050611
1019,1,4,13,17,34,39,6,50,438565140,75,48729460,5823,627634,20050604
1020,12,27,29,38,41,45,6,13,1966431520,77,55332489,2817,1512461,20050528
1021,12,15,17,24,29,45,16,12,2108962250,56,75320081,2461,1713907,20050521
1022,5,6,11,29,42,45,28,5,4866468075,63,64371271,2580,1571857,20050514
1023,10,14,16,18,29,35,25,9,2745677875,72,57201623,2506,1643463,20050507
1024,9,18,20,22,38,44,10,8,3020323500,63,63922191,2616,1539411,20050430
1025,8,9,20,25,29,33,7,4,6118853344,69,59119356,2671,1527232,20050423
1026,5,12,13,31,32,41,34,15,1619118475,76,53260477,2786,1452907,20050416
1027,14,16,27,35,39,45,5,10,2460504338,83,49407718,2700,1518830,20050409
1028,5,7,12,13,18,35,23,20,1181235132,91,43268687,2810,1401228,20050402
1029,12,30,32,37,39,41,24,10,2527848450,62,67952916,2614,1611738,20050326
1030,2,5,11,17,24,29,9,19,1276406507,104,38864942,3278,1233055,20050319
1031,6,7,22,32,35,36,19,8,3213957563,64,66957450,2789,1536493,20050312
1032,1,6,12,19,36,42,28,10,2675257538,90,49541807,3078,1448591,20050305
1033,3,11,15,20,35,44,10,13,1913414943,79,52477625,3083,1344708,20050226
1034,26,31,32,33,38,40,11,9,2868856209,66,65201278,2898,1484916,20050219
1035,9,14,34,35,41,42,2,8,3231193735,71,60679695,2848,1512732,20050212
1036,2,5,22,32,34,45,39,9,2837323167,64,66499762,2593,1641337,20050205
1037,2,14,15,22,27,33,31,15,1708576825,78,54762078,2713,1574435,20050129
1038,7,16,24,27,37,44,2,15,1627457225,77,52839521,3364,1209466,20050122
1039,2,3,6,19,36,39,26,16,1585019672,80,52833990,2773,1524241,20050115
1040,8,16,26,29,31,36,11,7,3660482625,63,67786716,2583,1653335,20050108
1041,6,7,9,11,17,18,45,25,935091165,85,45837803,3947,987133,20050101
1042,5,14,15,23,34,43,4,20,1240663669,100,41355456,3567,1159391,20041225
1043,3,5,12,22,26,31,19,17,1468646956,86,48385656,3156,1318494,20041218
1044,12,17,20,26,28,36,4,8,3136941235,72,58091505,2597,1610547,20041211
1045,6,14,15,19,21,41,37,13,1990060443,67,64355189,2699,1597554,20041204
1046,7,16,25,29,35,36,28,12,2011415719,57,70575991,2959,1359524,20041127
1047,2,20,33,40,42,44,32,9,2748797875,83,49677071,2728,1511436,20041120
1048,6,12,17,21,32,39,30,17,1612494508,102,44791515,3817,1196944,20041113
1049,3,5,13,20,21,37,17,15,1727810100,89,48533992,2968,1455366,20041106
1050,6,12,31,35,38,43,17,17,1535083280,70,62134324,2866,1517587,20041030
1051,21,26,30,32,33,35,44,18,1669558480,70,71552507,2824,1773611,20041023
1052,5,17,26,27,35,38,1,11,2341682762,108,39750788,2926,1467220,20041016
1053,22,26,29,30,34,45,15,7,4090367411,64,74563990,2702,1766135,20041009
1054,14,19,27,28,30,45,33,9,3147925709,66,71543767,2714,1739827,20041002
1055,4,7,12,14,22,33,31,11,2362815205,92,47085086,3413,1269215,20040925
1056,13,20,24,32,36,45,29,14,1969662456,81,56739248,3223,1425964,20040918
1057,8,13,19,27,40,45,12,17,1616069714,664,6895880,2962,1545870,20040911
1058,11,23,25,30,32,40,42,13,2058020250,60,74317398,3074,1450568,20040904
1059,7,10,22,25,34,40,27,13,2033168481,83,53074680,3127,1408762,20040828
1060,3,10,24,33,38,45,36,28,898238907,96,43664392,4593,912646,20040821
1061,4,24,27,35,37,45,15,11,2422768773,99,44866089,3003,1479102,20040814
1062,20,31,32,40,41,45,12,7,3801933804,68,65229257,2668,1662515,20040807
1063,3,6,22,23,24,38,30,7,3770311875,55,79976313,2706,1625535,20040731
1064,3,6,9,18,22,35,14,19,1348168106,62,68858049,3296,1295267,20040724
1065,3,18,19,23,32,45,24,14,1852593938,74,58415125,3117,1386821,20040717
1066,6,11,16,19,21,32,45,15,1670947250,88,47470093,3323,1257108,20040710
1067,7,10,19,23,28,33,18,13,1981114010,82,52346509,3679,1166734,20040703
1068,4,7,19,26,33,35,3,19,1363929514,87,49644944,3114,1386998,20040626
1069,1,10,18,22,28,31,44,14,1863217554,79,55031743,3006,1446277,20040619
1070,3,6,14,22,30,41,36,14,1859116929,63,68856183,2938,1476495,20040612
1071,1,2,11,21,30,35,39,5,5183979750,83,52047990,2891,1494287,20040605
1072,16,18,20,23,32,43,27,12,2175006375,93,46774331,2872,1514629,20040529
1073,6,18,28,30,32,38,15,11,2345227603,62,69348129,2994,1436067,20040522
1074,1,6,20,27,28,41,15,12,2134763657,78,54737530,2711,1574891,20040515
1075,1,23,24,35,44,45,10,9,2896337167,160,27153161,2750,1579821,20040508
1076,3,7,9,33,36,37,10,9,2672689750,86,46616682,3109,1289494,20040501
1077,4,8,17,30,40,43,34,7,3570901018,98,42510727,3235,1287806,20040424
1078,6,10,11,14,36,38,43,12,2141604938,77,55626103,2691,1591680,20040417
1079,4,8,18,24,37,45,6,9,2712329417,85,47864637,3212,1266655,20040410
1080,13,16,23,31,36,44,38,7,3639444429,82,51780714,2720,1561037,20040403
1081,1,9,16,23,24,38,17,11,2343892944,92,46708012,2923,1470112,20040327
1082,21,26,27,32,34,42,31,7,3720489643,62,70009214,2768,1568126,20040320
1083,3,7,14,15,22,38,17,15,1713084525,72,59482102,3274,1308098,20040313
1084,8,12,13,29,33,42,5,15,1738764600,107,40625342,3003,1447523,20040306
1085,4,7,17,18,38,44,36,23,1073277473,80,51427879,3471,1185316,20040228
1086,11,16,25,27,35,36,37,17,1515913809,67,64105808,3270,1313483,20040221
1087,13,14,18,21,34,44,16,16,1732253602,71,65061169,2989,1545448,20040214
1088,11,21,22,30,39,44,31,11,2434697898,94,47485243,2991,1492348,20040207
1089,4,18,31,37,42,43,40,9,2978522167,79,56554219,2825,1581517,20040131
1090,12,19,21,29,40,45,1,11,2386494614,88,49718638,2931,1492747,20040124
1091,6,20,23,24,28,30,44,9,2898470459,65,66887780,2873,1513299,20040117
1092,7,18,19,26,33,45,37,16,1583289844,84,50263170,3327,1269044,20040110
1093,10,17,22,30,35,43,44,13,1967040750,65,65568025,2928,1455575,20040103
1094,6,7,15,22,26,40,41,12,2112854469,87,48571368,2725,1550719,20031227
1095,8,14,28,29,34,40,12,10,2617825575,57,76544608,2584,1688484,20031220
1096,1,12,16,19,23,43,34,10,2539391175,85,49791984,2924,1447442,20031213
1097,14,33,34,35,37,40,4,7,3864293090,67,67288686,2631,1713547,20031206
1098,12,16,21,24,41,43,15,13,1930461895,68,61509816,2840,1472771,20031129
1099,3,20,28,38,40,43,4,9,2959934125,71,62533820,2701,1643800,20031122
1100,17,26,29,30,31,43,12,13,2207575472,81,59050373,2869,1667160,20031115
1101,6,7,13,28,36,42,41,13,2100529500,75,60681964,3363,1353300,20031108
1102,13,14,22,26,37,38,20,20,1383591413,63,73205895,3042,1516099,20031101
1103,10,12,29,31,40,44,2,17,1574419633,76,58695469,2909,1533468,20031025
1104,1,7,21,30,35,38,2,15,1817193100,76,59776089,3000,1514328,20031018
1105,6,16,34,37,39,40,11,15,1834853800,83,55266681,2898,1582863,20031011
1106,1,3,4,29,42,45,36,11,2790462819,67,76355948,3374,1516257,20031004
1107,6,14,30,31,40,41,29,14,2025625233,82,57639743,3357,1407942,20030927
1108,7,19,26,37,39,44,27,14,1957990849,96,47590056,3227,1415757,20030920
1109,10,12,13,19,33,40,2,17,1584352875,84,53440474,3347,1341202,20030913
1110,3,7,11,20,22,41,24,16,1647392719,118,37229214,3654,1202258,20030906
1111,3,13,30,33,43,45,4,16,1714662540,97,47138490,5096,897260,20030830
1112,16,20,26,36,42,44,24,10,2804455650,59,79221912,3077,1519043,20030823
1113,11,13,20,21,32,44,8,14,1987426822,57,81356654,2936,1579472,20030816
1114,10,16,19,32,33,38,3,17,1583813824,88,50994006,3221,1393193,20030809
1115,7,12,23,32,34,36,8,12,2257278282,60,75242610,3103,1454901,20030802
1116,15,16,17,25,30,31,32,10,2695000238,114,39400589,2896,1550991,20030726
1117,3,4,9,30,33,36,7,9,3028385542,94,48325302,3161,1437071,20030719
1118,11,13,14,15,16,45,3,19,1477445132,72,64980226,3518,1329897,20030712
1119,1,9,12,13,20,45,3,19,1396028764,97,45574823,3108,1422381,20030705
1120,2,19,26,31,38,41,34,11,2522163375,91,50812816,3049,1516552,20030628
1121,6,24,31,32,38,44,8,11,2524513262,76,60898347,2956,1565723,20030621
1122,3,6,21,30,34,35,22,11,2556266046,99,47338261,2932,1598393,20030614
1123,13,19,21,24,34,35,26,16,1731310711,77,59958813,2945,1567684,20030607
1124,3,8,17,30,33,34,28,10,2623327913,87,50255324,3123,1400005,20030531
1125,6,14,25,33,40,44,30,12,2195289188,78,56289467,3066,1432022,20030524
1126,4,5,9,11,37,40,7,11,2386382421,91,48077302,3114,1404957,20030517
1127,10,15,24,30,31,37,32,12,2267891969,84,53997428,3007,1508409,20030510
1128,1,5,8,16,28,33,45,63,419925560,77,57262577,2987,1476137,20030503
1129,5,10,11,17,28,34,22,11,2369567660,107,40600069,3142,1382625,20030426
1130,15,19,21,25,27,28,40,12,2263301219,69,65602934,2900,1560898,20030419
1131,1,2,6,14,27,38,33,17,1542367898,56,78036471,2861,1527453,20030412
1132,6,7,19,28,34,41,5,11,2404951807,73,60398334,3086,1428736,20030405
1133,13,14,20,28,29,34,23,13,2105079491,73,62479529,2737,1666426,20030329
1134,3,7,9,13,19,24,23,14,1755689384,97,42233078,3961,1034236,20030322
1135,1,6,13,19,21,33,4,9,2953726125,91,48687794,3417,1296632,20030315
1136,21,33,35,38,42,44,1,12,2314468157,75,61719151,2906,1592890,20030308
1137,4,9,12,15,33,45,26,14,2023447688,111,42534937,3323,1420818,20030301
1138,14,16,19,20,29,34,35,14,1902656786,50,88790650,2865,1549576,20030222
1139,5,12,15,30,37,40,18,13,2167490972,75,62616406,3240,1449454,20030215
1140,7,10,22,29,31,38,15,12,2279823938,83,54935517,3345,1363124,20030208
1141,7,11,12,21,26,35,20,11,2457758285,100,45058902,3371,1336663,20030201
1142,2,8,28,30,37,41,22,9,3117517709,67,69795173,2841,1645997,20030125
1143,10,16,17,27,28,36,6,11,2545657023,90,51855977,3154,1479721,20030118
1144,3,4,12,15,26,34,6,18,1489347375,94,47532364,3626,1232224,20030111
1145,2,11,31,33,37,44,32,9,3051630084,63,72657860,3312,1382079,20030104
1146,6,11,17,19,40,43,28,11,2526476353,72,64331574,3030,1528672,20021228
1147,7,11,24,26,27,37,32,8,3323422079,83,53388307,3588,1235014,20021221
1148,3,6,13,15,16,22,32,13,2073332308,97,46311547,3082,1457567,20021214